age_group,ethnicity,sex,residents
Below 1,Chinese,Males,11176
Below 1,Chinese,Females,10804
Below 1,Malays,Males,4113
Below 1,Malays,Females,3904
Below 1,Indians,Males,1249
Below 1,Indians,Females,1168
Below 1,Others,Males,503
Below 1,Others,Females,517
1,Chinese,Males,11950
1,Chinese,Females,11626
1,Malays,Males,3960
1,Malays,Females,3890
1,Indians,Males,1490
1,Indians,Females,1468
1,Others,Males,580
1,Others,Females,621
2,Chinese,Males,12254
2,Chinese,Females,11821
2,Malays,Males,4106
2,Malays,Females,3818
2,Indians,Males,1597
2,Indians,Females,1531
2,Others,Males,625
2,Others,Females,635
3,Chinese,Males,13055
3,Chinese,Females,12551
3,Malays,Males,3890
3,Malays,Females,3637
3,Indians,Males,1754
3,Indians,Females,1612
3,Others,Males,628
3,Others,Females,696
4,Chinese,Males,13986
4,Chinese,Females,13256
4,Malays,Males,3779
4,Malays,Females,3571
4,Indians,Males,1984
4,Indians,Females,1789
4,Others,Males,709
4,Others,Females,773
5,Chinese,Males,14366
5,Chinese,Females,13646
5,Malays,Males,3518
5,Malays,Females,3386
5,Indians,Males,2050
5,Indians,Females,1972
5,Others,Males,745
5,Others,Females,781
6,Chinese,Males,13590
6,Chinese,Females,13034
6,Malays,Males,3465
6,Malays,Females,3267
6,Indians,Males,2136
6,Indians,Females,1950
6,Others,Males,752
6,Others,Females,808
7,Chinese,Males,14967
7,Chinese,Females,13865
7,Malays,Males,3252
7,Malays,Females,3040
7,Indians,Males,2170
7,Indians,Females,2037
7,Others,Males,764
7,Others,Females,871
8,Chinese,Males,14519
8,Chinese,Females,13588
8,Malays,Males,3132
8,Malays,Females,2993
8,Indians,Males,2171
8,Indians,Females,2278
8,Others,Males,698
8,Others,Females,851
9,Chinese,Males,13349
9,Chinese,Females,12571
9,Malays,Males,3105
9,Malays,Females,2912
9,Indians,Males,2300
9,Indians,Females,2361
9,Others,Males,680
9,Others,Females,797
10,Chinese,Males,13953
10,Chinese,Females,13431
10,Malays,Males,3151
10,Malays,Females,3025
10,Indians,Males,2556
10,Indians,Females,2504
10,Others,Males,718
10,Others,Females,816
11,Chinese,Males,14223
11,Chinese,Females,13462
11,Malays,Males,3285
11,Malays,Females,3112
11,Indians,Males,2597
11,Indians,Females,2550
11,Others,Males,888
11,Others,Females,1032
12,Chinese,Males,14720
12,Chinese,Females,14054
12,Malays,Males,3326
12,Malays,Females,3271
12,Indians,Males,2726
12,Indians,Females,2784
12,Others,Males,906
12,Others,Females,1030
13,Chinese,Males,14008
13,Chinese,Females,13366
13,Malays,Males,3459
13,Malays,Females,3127
13,Indians,Males,2705
13,Indians,Females,2687
13,Others,Males,921
13,Others,Females,1000
14,Chinese,Males,14024
14,Chinese,Females,13318
14,Malays,Males,3434
14,Malays,Females,3282
14,Indians,Males,2588
14,Indians,Females,2573
14,Others,Males,779
14,Others,Females,1002
15,Chinese,Males,13979
15,Chinese,Females,13423
15,Malays,Males,3432
15,Malays,Females,3237
15,Indians,Males,2379
15,Indians,Females,2498
15,Others,Males,877
15,Others,Females,950
16,Chinese,Males,13673
16,Chinese,Females,13002
16,Malays,Males,3504
16,Malays,Females,3434
16,Indians,Males,2485
16,Indians,Females,2473
16,Others,Males,888
16,Others,Females,908
17,Chinese,Males,14648
17,Chinese,Females,14030
17,Malays,Males,3729
17,Malays,Females,3545
17,Indians,Males,2389
17,Indians,Females,2369
17,Others,Males,795
17,Others,Females,907
18,Chinese,Males,14846
18,Chinese,Females,14127
18,Malays,Males,4117
18,Malays,Females,3736
18,Indians,Males,2430
18,Indians,Females,2325
18,Others,Males,813
18,Others,Females,838
19,Chinese,Males,17347
19,Chinese,Females,16499
19,Malays,Males,4353
19,Malays,Females,3931
19,Indians,Males,2371
19,Indians,Females,2253
19,Others,Males,813
19,Others,Females,881
20,Chinese,Males,16950
20,Chinese,Females,15929
20,Malays,Males,4298
20,Malays,Females,4143
20,Indians,Males,2326
20,Indians,Females,2227
20,Others,Males,798
20,Others,Females,821
21,Chinese,Males,16004
21,Chinese,Females,15151
21,Malays,Males,4511
21,Malays,Females,4000
21,Indians,Males,2239
21,Indians,Females,2250
21,Others,Males,765
21,Others,Females,820
22,Chinese,Males,17480
22,Chinese,Females,16804
22,Malays,Males,4494
22,Malays,Females,4376
22,Indians,Males,2215
22,Indians,Females,2266
22,Others,Males,720
22,Others,Females,747
23,Chinese,Males,18098
23,Chinese,Females,17424
23,Malays,Males,4598
23,Malays,Females,4277
23,Indians,Males,2199
23,Indians,Females,2213
23,Others,Males,675
23,Others,Females,726
24,Chinese,Males,18777
24,Chinese,Females,18436
24,Malays,Males,4686
24,Malays,Females,4430
24,Indians,Males,2191
24,Indians,Females,2190
24,Others,Males,593
24,Others,Females,690
25,Chinese,Males,19464
25,Chinese,Females,19107
25,Malays,Males,4773
25,Malays,Females,4515
25,Indians,Males,2232
25,Indians,Females,2241
25,Others,Males,572
25,Others,Females,622
26,Chinese,Males,20158
26,Chinese,Females,20396
26,Malays,Males,5081
26,Malays,Females,4722
26,Indians,Males,2306
26,Indians,Females,2359
26,Others,Males,489
26,Others,Females,658
27,Chinese,Males,20646
27,Chinese,Females,20750
27,Malays,Males,5037
27,Malays,Females,4750
27,Indians,Males,2362
27,Indians,Females,2346
27,Others,Males,501
27,Others,Females,743
28,Chinese,Males,20650
28,Chinese,Females,21687
28,Malays,Males,4921
28,Malays,Females,4894
28,Indians,Males,2274
28,Indians,Females,2461
28,Others,Males,448
28,Others,Females,839
29,Chinese,Males,22451
29,Chinese,Females,23442
29,Malays,Males,5185
29,Malays,Females,4790
29,Indians,Males,2357
29,Indians,Females,2409
29,Others,Males,475
29,Others,Females,884
30,Chinese,Males,21649
30,Chinese,Females,22656
30,Malays,Males,4969
30,Malays,Females,4911
30,Indians,Males,2311
30,Indians,Females,2409
30,Others,Males,457
30,Others,Females,976
31,Chinese,Males,24294
31,Chinese,Females,26204
31,Malays,Males,4800
31,Malays,Females,4590
31,Indians,Males,2326
31,Indians,Females,2361
31,Others,Males,491
31,Others,Females,1110
32,Chinese,Males,22114
32,Chinese,Females,23693
32,Malays,Males,4577
32,Malays,Females,4391
32,Indians,Males,2324
32,Indians,Females,2567
32,Others,Males,491
32,Others,Females,1170
33,Chinese,Males,18707
33,Chinese,Females,20660
33,Malays,Males,4028
33,Malays,Females,4093
33,Indians,Males,2244
33,Indians,Females,2414
33,Others,Males,491
33,Others,Females,1213
34,Chinese,Males,19721
34,Chinese,Females,21437
34,Malays,Males,4195
34,Malays,Females,4060
34,Indians,Males,2281
34,Indians,Females,2583
34,Others,Males,552
34,Others,Females,1278
35,Chinese,Males,20641
35,Chinese,Females,22613
35,Malays,Males,4003
35,Malays,Females,4052
35,Indians,Males,2400
35,Indians,Females,2963
35,Others,Males,605
35,Others,Females,1425
36,Chinese,Males,19771
36,Chinese,Females,21980
36,Malays,Males,3821
36,Malays,Females,3778
36,Indians,Males,2536
36,Indians,Females,2961
36,Others,Males,734
36,Others,Females,1538
37,Chinese,Males,21266
37,Chinese,Females,23457
37,Malays,Males,3903
37,Malays,Females,3909
37,Indians,Males,2844
37,Indians,Females,3279
37,Others,Males,788
37,Others,Females,1673
38,Chinese,Males,21482
38,Chinese,Females,23633
38,Malays,Males,3606
38,Malays,Females,3589
38,Indians,Males,3145
38,Indians,Females,3372
38,Others,Males,989
38,Others,Females,1678
39,Chinese,Males,20900
39,Chinese,Females,23370
39,Malays,Males,3475
39,Malays,Females,3583
39,Indians,Males,3373
39,Indians,Females,3558
39,Others,Males,1075
39,Others,Females,1747
40,Chinese,Males,20837
40,Chinese,Females,23035
40,Malays,Males,3094
40,Malays,Females,3213
40,Indians,Males,3515
40,Indians,Females,3545
40,Others,Males,1161
40,Others,Females,1680
41,Chinese,Males,20949
41,Chinese,Females,23461
41,Malays,Males,2777
41,Malays,Females,3144
41,Indians,Males,3611
41,Indians,Females,3334
41,Others,Males,1216
41,Others,Females,1735
42,Chinese,Males,20060
42,Chinese,Females,22643
42,Malays,Males,2744
42,Malays,Females,3038
42,Indians,Males,3586
42,Indians,Females,3095
42,Others,Males,1265
42,Others,Females,1662
43,Chinese,Males,21710
43,Chinese,Females,24483
43,Malays,Males,2693
43,Malays,Females,2897
43,Indians,Males,3782
43,Indians,Females,3090
43,Others,Males,1332
43,Others,Females,1673
44,Chinese,Males,20806
44,Chinese,Females,23144
44,Malays,Males,2686
44,Malays,Females,2996
44,Indians,Males,3628
44,Indians,Females,2997
44,Others,Males,1349
44,Others,Females,1625
45,Chinese,Males,20768
45,Chinese,Females,23160
45,Malays,Males,2963
45,Malays,Females,3122
45,Indians,Males,3850
45,Indians,Females,2911
45,Others,Males,1465
45,Others,Females,1686
46,Chinese,Males,22132
46,Chinese,Females,24583
46,Malays,Males,2963
46,Malays,Females,3213
46,Indians,Males,3757
46,Indians,Females,2814
46,Others,Males,1438
46,Others,Females,1627
47,Chinese,Males,23192
47,Chinese,Females,25521
47,Malays,Males,3330
47,Malays,Females,3403
47,Indians,Males,3725
47,Indians,Females,2689
47,Others,Males,1531
47,Others,Females,1570
48,Chinese,Males,22329
48,Chinese,Females,24600
48,Malays,Males,3156
48,Malays,Females,3417
48,Indians,Males,3734
48,Indians,Females,2625
48,Others,Males,1473
48,Others,Females,1502
49,Chinese,Males,21860
49,Chinese,Females,24234
49,Malays,Males,3090
49,Malays,Females,3353
49,Indians,Males,3511
49,Indians,Females,2504
49,Others,Males,1423
49,Others,Females,1516
50,Chinese,Males,20555
50,Chinese,Females,22878
50,Malays,Males,2875
50,Malays,Females,3149
50,Indians,Males,3259
50,Indians,Females,2367
50,Others,Males,1392
50,Others,Females,1399
51,Chinese,Males,20262
51,Chinese,Females,22586
51,Malays,Males,3178
51,Malays,Females,3503
51,Indians,Males,3183
51,Indians,Females,2336
51,Others,Males,1148
51,Others,Females,1312
52,Chinese,Males,21339
52,Chinese,Females,22918
52,Malays,Males,3630
52,Malays,Females,3664
52,Indians,Males,3100
52,Indians,Females,2325
52,Others,Males,1252
52,Others,Females,1153
53,Chinese,Males,21200
53,Chinese,Females,22221
53,Malays,Males,3850
53,Malays,Females,4149
53,Indians,Males,3068
53,Indians,Females,2370
53,Others,Males,1155
53,Others,Females,1125
54,Chinese,Males,22695
54,Chinese,Females,23490
54,Malays,Males,4097
54,Malays,Females,4334
54,Indians,Males,3033
54,Indians,Females,2434
54,Others,Males,1112
54,Others,Females,972
55,Chinese,Males,22816
55,Chinese,Females,23081
55,Malays,Males,4062
55,Malays,Females,4286
55,Indians,Males,2803
55,Indians,Females,2357
55,Others,Males,1011
55,Others,Females,900
56,Chinese,Males,23352
56,Chinese,Females,23858
56,Malays,Males,4334
56,Malays,Females,4391
56,Indians,Males,2809
56,Indians,Females,2402
56,Others,Males,960
56,Others,Females,860
57,Chinese,Males,23103
57,Chinese,Females,23355
57,Malays,Males,4094
57,Malays,Females,4224
57,Indians,Males,2549
57,Indians,Females,2373
57,Others,Males,907
57,Others,Females,772
58,Chinese,Males,22576
58,Chinese,Females,22973
58,Malays,Males,4172
58,Malays,Females,4163
58,Indians,Males,2481
58,Indians,Females,2252
58,Others,Males,772
58,Others,Females,680
59,Chinese,Males,22919
59,Chinese,Females,22954
59,Malays,Males,3992
59,Malays,Females,4094
59,Indians,Males,2489
59,Indians,Females,2240
59,Others,Males,759
59,Others,Females,655
60,Chinese,Males,22732
60,Chinese,Females,23029
60,Malays,Males,3890
60,Malays,Females,3935
60,Indians,Males,2437
60,Indians,Females,2162
60,Others,Males,674
60,Others,Females,610
61,Chinese,Males,22800
61,Chinese,Females,23084
61,Malays,Males,3668
61,Malays,Females,3692
61,Indians,Males,2295
61,Indians,Females,2011
61,Others,Males,608
61,Others,Females,538
62,Chinese,Males,22116
62,Chinese,Females,22706
62,Malays,Males,3456
62,Malays,Females,3558
62,Indians,Males,2138
62,Indians,Females,1986
62,Others,Males,608
62,Others,Females,455
63,Chinese,Males,22063
63,Chinese,Females,22724
63,Malays,Males,3174
63,Malays,Females,3276
63,Indians,Males,1906
63,Indians,Females,1843
63,Others,Males,543
63,Others,Females,419
64,Chinese,Males,21004
64,Chinese,Females,21767
64,Malays,Males,2992
64,Malays,Females,3182
64,Indians,Males,1870
64,Indians,Females,1803
64,Others,Males,497
64,Others,Females,375
65,Chinese,Males,20120
65,Chinese,Females,20871
65,Malays,Males,2766
65,Malays,Females,2985
65,Indians,Males,1615
65,Indians,Females,1721
65,Others,Males,439
65,Others,Females,376
66,Chinese,Males,19941
66,Chinese,Females,20071
66,Malays,Males,2703
66,Malays,Females,2850
66,Indians,Males,1519
66,Indians,Females,1597
66,Others,Males,421
66,Others,Females,307
67,Chinese,Males,18449
67,Chinese,Females,18979
67,Malays,Males,2283
67,Malays,Females,2552
67,Indians,Males,1492
67,Indians,Females,1421
67,Others,Males,380
67,Others,Females,296
68,Chinese,Males,17244
68,Chinese,Females,18132
68,Malays,Males,2008
68,Malays,Females,2369
68,Indians,Males,1326
68,Indians,Females,1403
68,Others,Males,337
68,Others,Females,259
69,Chinese,Males,16267
69,Chinese,Females,17023
69,Malays,Males,1786
69,Malays,Females,2064
69,Indians,Males,1187
69,Indians,Females,1296
69,Others,Males,326
69,Others,Females,215
70,Chinese,Males,15969
70,Chinese,Females,17095
70,Malays,Males,1724
70,Malays,Females,2039
70,Indians,Males,1206
70,Indians,Females,1330
70,Others,Males,321
70,Others,Females,250
71,Chinese,Males,15423
71,Chinese,Females,16366
71,Malays,Males,1542
71,Malays,Females,1825
71,Indians,Males,1038
71,Indians,Females,1218
71,Others,Males,286
71,Others,Females,218
72,Chinese,Males,13953
72,Chinese,Females,15585
72,Malays,Males,1464
72,Malays,Females,1729
72,Indians,Males,971
72,Indians,Females,1102
72,Others,Males,289
72,Others,Females,204
73,Chinese,Males,13368
73,Chinese,Females,15160
73,Malays,Males,1489
73,Malays,Females,1695
73,Indians,Males,960
73,Indians,Females,1101
73,Others,Males,270
73,Others,Females,204
74,Chinese,Males,9063
74,Chinese,Females,10336
74,Malays,Males,795
74,Malays,Females,972
74,Indians,Males,530
74,Indians,Females,645
74,Others,Males,158
74,Others,Females,115
75,Chinese,Males,6735
75,Chinese,Females,7904
75,Malays,Males,596
75,Malays,Females,771
75,Indians,Males,456
75,Indians,Females,531
75,Others,Males,122
75,Others,Females,81
76,Chinese,Males,8112
76,Chinese,Females,9686
76,Malays,Males,770
76,Malays,Females,970
76,Indians,Males,466
76,Indians,Females,538
76,Others,Males,139
76,Others,Females,72
77,Chinese,Males,6873
77,Chinese,Females,8049
77,Malays,Males,565
77,Malays,Females,756
77,Indians,Males,354
77,Indians,Females,500
77,Others,Males,108
77,Others,Females,97
78,Chinese,Males,6352
78,Chinese,Females,8235
78,Malays,Males,476
78,Malays,Females,740
78,Indians,Males,396
78,Indians,Females,514
78,Others,Males,98
78,Others,Females,91
79,Chinese,Males,7119
79,Chinese,Females,9254
79,Malays,Males,563
79,Malays,Females,808
79,Indians,Males,375
79,Indians,Females,521
79,Others,Males,98
79,Others,Females,99
80,Chinese,Males,6524
80,Chinese,Females,8790
80,Malays,Males,558
80,Malays,Females,764
80,Indians,Males,362
80,Indians,Females,562
80,Others,Males,105
80,Others,Females,101
81,Chinese,Males,5948
81,Chinese,Females,8262
81,Malays,Males,522
81,Malays,Females,746
81,Indians,Males,291
81,Indians,Females,497
81,Others,Males,74
81,Others,Females,84
82,Chinese,Males,4610
82,Chinese,Females,6241
82,Malays,Males,432
82,Malays,Females,610
82,Indians,Males,246
82,Indians,Females,419
82,Others,Males,60
82,Others,Females,77
83,Chinese,Males,3561
83,Chinese,Females,4932
83,Malays,Males,360
83,Malays,Females,418
83,Indians,Males,204
83,Indians,Females,348
83,Others,Males,79
83,Others,Females,88
84,Chinese,Males,3366
84,Chinese,Females,4772
84,Malays,Males,320
84,Malays,Females,517
84,Indians,Males,206
84,Indians,Females,326
84,Others,Males,58
84,Others,Females,73
85,Chinese,Males,3293
85,Chinese,Females,5261
85,Malays,Males,346
85,Malays,Females,599
85,Indians,Males,209
85,Indians,Females,322
85,Others,Males,39
85,Others,Females,62
86,Chinese,Males,2591
86,Chinese,Females,4475
86,Malays,Males,279
86,Malays,Females,455
86,Indians,Males,193
86,Indians,Females,258
86,Others,Males,54
86,Others,Females,57
87,Chinese,Males,2143
87,Chinese,Females,3776
87,Malays,Males,198
87,Malays,Females,359
87,Indians,Males,188
87,Indians,Females,223
87,Others,Males,44
87,Others,Females,55
88,Chinese,Males,1831
88,Chinese,Females,3409
88,Malays,Males,158
88,Malays,Females,262
88,Indians,Males,150
88,Indians,Females,188
88,Others,Males,29
88,Others,Females,46
89,Chinese,Males,1491
89,Chinese,Females,2876
89,Malays,Males,114
89,Malays,Females,191
89,Indians,Males,139
89,Indians,Females,133
89,Others,Males,33
89,Others,Females,57
90,Chinese,Males,1191
90,Chinese,Females,2569
90,Malays,Males,108
90,Malays,Females,205
90,Indians,Males,144
90,Indians,Females,137
90,Others,Males,28
90,Others,Females,36
91,Chinese,Males,964
91,Chinese,Females,2259
91,Malays,Males,106
91,Malays,Females,146
91,Indians,Males,118
91,Indians,Females,111
91,Others,Males,24
91,Others,Females,41
92,Chinese,Males,715
92,Chinese,Females,1935
92,Malays,Males,66
92,Malays,Females,104
92,Indians,Males,86
92,Indians,Females,79
92,Others,Males,10
92,Others,Females,28
93,Chinese,Males,588
93,Chinese,Females,1534
93,Malays,Males,57
93,Malays,Females,87
93,Indians,Males,68
93,Indians,Females,53
93,Others,Males,12
93,Others,Females,23
94,Chinese,Males,385
94,Chinese,Females,1168
94,Malays,Males,31
94,Malays,Females,43
94,Indians,Males,82
94,Indians,Females,31
94,Others,Males,6
94,Others,Females,14
95,Chinese,Males,281
95,Chinese,Females,843
95,Malays,Males,27
95,Malays,Females,52
95,Indians,Males,50
95,Indians,Females,32
95,Others,Males,3
95,Others,Females,8
96,Chinese,Males,179
96,Chinese,Females,668
96,Malays,Males,19
96,Malays,Females,30
96,Indians,Males,40
96,Indians,Females,19
96,Others,Males,1
96,Others,Females,14
97,Chinese,Males,155
97,Chinese,Females,533
97,Malays,Males,16
97,Malays,Females,27
97,Indians,Males,25
97,Indians,Females,15
97,Others,Males,4
97,Others,Females,7
98,Chinese,Males,86
98,Chinese,Females,406
98,Malays,Males,14
98,Malays,Females,16
98,Indians,Males,15
98,Indians,Females,17
98,Others,Males,5
98,Others,Females,4
99,Chinese,Males,80
99,Chinese,Females,298
99,Malays,Males,6
99,Malays,Females,8
99,Indians,Males,10
99,Indians,Females,6
99,Others,Males,0
99,Others,Females,5
100 & Over,Chinese,Males,343
100 & Over,Chinese,Females,881
100 & Over,Malays,Males,34
100 & Over,Malays,Females,35
100 & Over,Indians,Males,117
100 & Over,Indians,Females,19
100 & Over,Others,Males,13
100 & Over,Others,Females,17
