region,sex,age_group,year,residents
Central Region,Male,0 - 4 Years,2025,18420.0
Central Region,Male,0 - 4 Years,2024,18580.0
Central Region,Male,0 - 4 Years,2023,18530.0
Central Region,Male,0 - 4 Years,2022,18180.0
Central Region,Male,0 - 4 Years,2021,17820.0
Central Region,Male,0 - 4 Years,2020,18090.0
Central Region,Male,0 - 4 Years,2019,18410.0
Central Region,Male,5 - 9 Years,2025,22330.0
Central Region,Male,5 - 9 Years,2024,22360.0
Central Region,Male,5 - 9 Years,2023,22170.0
Central Region,Male,5 - 9 Years,2022,22090.0
Central Region,Male,5 - 9 Years,2021,21760.0
Central Region,Male,5 - 9 Years,2020,21770.0
Central Region,Male,5 - 9 Years,2019,21710.0
Central Region,Male,10 - 14 Years,2025,22770.0
Central Region,Male,10 - 14 Years,2024,22400.0
Central Region,Male,10 - 14 Years,2023,22260.0
Central Region,Male,10 - 14 Years,2022,21570.0
Central Region,Male,10 - 14 Years,2021,21290.0
Central Region,Male,10 - 14 Years,2020,21830.0
Central Region,Male,10 - 14 Years,2019,21860.0
Central Region,Male,15 - 19 Years,2025,22070.0
Central Region,Male,15 - 19 Years,2024,21850.0
Central Region,Male,15 - 19 Years,2023,21530.0
Central Region,Male,15 - 19 Years,2022,21010.0
Central Region,Male,15 - 19 Years,2021,20520.0
Central Region,Male,15 - 19 Years,2020,21260.0
Central Region,Male,15 - 19 Years,2019,21730.0
Central Region,Male,20 - 24 Years,2025,21430.0
Central Region,Male,20 - 24 Years,2024,21550.0
Central Region,Male,20 - 24 Years,2023,21590.0
Central Region,Male,20 - 24 Years,2022,21910.0
Central Region,Male,20 - 24 Years,2021,22230.0
Central Region,Male,20 - 24 Years,2020,22690.0
Central Region,Male,20 - 24 Years,2019,23280.0
Central Region,Male,25 - 29 Years,2025,25410.0
Central Region,Male,25 - 29 Years,2024,25730.0
Central Region,Male,25 - 29 Years,2023,26740.0
Central Region,Male,25 - 29 Years,2022,27240.0
Central Region,Male,25 - 29 Years,2021,26930.0
Central Region,Male,25 - 29 Years,2020,28120.0
Central Region,Male,25 - 29 Years,2019,28460.0
Central Region,Male,30 - 34 Years,2025,33500.0
Central Region,Male,30 - 34 Years,2024,33600.0
Central Region,Male,30 - 34 Years,2023,33770.0
Central Region,Male,30 - 34 Years,2022,32490.0
Central Region,Male,30 - 34 Years,2021,29990.0
Central Region,Male,30 - 34 Years,2020,29020.0
Central Region,Male,30 - 34 Years,2019,28190.0
Central Region,Male,35 - 39 Years,2025,34760.0
Central Region,Male,35 - 39 Years,2024,33430.0
Central Region,Male,35 - 39 Years,2023,31160.0
Central Region,Male,35 - 39 Years,2022,29260.0
Central Region,Male,35 - 39 Years,2021,28560.0
Central Region,Male,35 - 39 Years,2020,29380.0
Central Region,Male,35 - 39 Years,2019,29730.0
Central Region,Male,40 - 44 Years,2025,33540.0
Central Region,Male,40 - 44 Years,2024,33190.0
Central Region,Male,40 - 44 Years,2023,33410.0
Central Region,Male,40 - 44 Years,2022,32280.0
Central Region,Male,40 - 44 Years,2021,31590.0
Central Region,Male,40 - 44 Years,2020,32900.0
Central Region,Male,40 - 44 Years,2019,33600.0
Central Region,Male,45 - 49 Years,2025,34390.0
Central Region,Male,45 - 49 Years,2024,34420.0
Central Region,Male,45 - 49 Years,2023,34690.0
Central Region,Male,45 - 49 Years,2022,34940.0
Central Region,Male,45 - 49 Years,2021,34650.0
Central Region,Male,45 - 49 Years,2020,36330.0
Central Region,Male,45 - 49 Years,2019,36590.0
Central Region,Male,50 - 54 Years,2025,36210.0
Central Region,Male,50 - 54 Years,2024,35910.0
Central Region,Male,50 - 54 Years,2023,35240.0
Central Region,Male,50 - 54 Years,2022,33840.0
Central Region,Male,50 - 54 Years,2021,32320.0
Central Region,Male,50 - 54 Years,2020,33360.0
Central Region,Male,50 - 54 Years,2019,33910.0
Central Region,Male,55 - 59 Years,2025,32260.0
Central Region,Male,55 - 59 Years,2024,32430.0
Central Region,Male,55 - 59 Years,2023,33040.0
Central Region,Male,55 - 59 Years,2022,32590.0
Central Region,Male,55 - 59 Years,2021,32260.0
Central Region,Male,55 - 59 Years,2020,33690.0
Central Region,Male,55 - 59 Years,2019,34350.0
Central Region,Male,60 - 64 Years,2025,32270.0
Central Region,Male,60 - 64 Years,2024,32730.0
Central Region,Male,60 - 64 Years,2023,32880.0
Central Region,Male,60 - 64 Years,2022,32550.0
Central Region,Male,60 - 64 Years,2021,32230.0
Central Region,Male,60 - 64 Years,2020,33250.0
Central Region,Male,60 - 64 Years,2019,32870.0
Central Region,Male,65 - 69 Years,2025,31060.0
Central Region,Male,65 - 69 Years,2024,30510.0
Central Region,Male,65 - 69 Years,2023,30210.0
Central Region,Male,65 - 69 Years,2022,29160.0
Central Region,Male,65 - 69 Years,2021,27890.0
Central Region,Male,65 - 69 Years,2020,27790.0
Central Region,Male,65 - 69 Years,2019,27560.0
Central Region,Male,70 - 74 Years,2025,25310.0
Central Region,Male,70 - 74 Years,2024,25000.0
Central Region,Male,70 - 74 Years,2023,24520.0
Central Region,Male,70 - 74 Years,2022,23930.0
Central Region,Male,70 - 74 Years,2021,23440.0
Central Region,Male,70 - 74 Years,2020,22690.0
Central Region,Male,70 - 74 Years,2019,20610.0
Central Region,Male,75 - 79 Years,2025,19670.0
Central Region,Male,75 - 79 Years,2024,17780.0
Central Region,Male,75 - 79 Years,2023,16320.0
Central Region,Male,75 - 79 Years,2022,14570.0
Central Region,Male,75 - 79 Years,2021,12790.0
Central Region,Male,75 - 79 Years,2020,13130.0
Central Region,Male,75 - 79 Years,2019,13970.0
Central Region,Male,80 - 84 Years,2025,10180.0
Central Region,Male,80 - 84 Years,2024,10760.0
Central Region,Male,80 - 84 Years,2023,10710.0
Central Region,Male,80 - 84 Years,2022,10720.0
Central Region,Male,80 - 84 Years,2021,10490.0
Central Region,Male,80 - 84 Years,2020,9920.0
Central Region,Male,80 - 84 Years,2019,9390.0
Central Region,Male,85 - 89 Years,2025,6610.0
Central Region,Male,85 - 89 Years,2024,6080.0
Central Region,Male,85 - 89 Years,2023,5510.0
Central Region,Male,85 - 89 Years,2022,5190.0
Central Region,Male,85 - 89 Years,2021,5110.0
Central Region,Male,85 - 89 Years,2020,5040.0
Central Region,Male,85 - 89 Years,2019,4780.0
Central Region,Male,90 Years & Over,2025,3490.0
Central Region,Male,90 Years & Over,2024,3280.0
Central Region,Male,90 Years & Over,2023,3150.0
Central Region,Male,90 Years & Over,2022,3040.0
Central Region,Male,90 Years & Over,2021,2950.0
Central Region,Male,90 Years & Over,2020,2790.0
Central Region,Male,90 Years & Over,2019,2600.0
Central Region,Female,0 - 4 Years,2025,17980.0
Central Region,Female,0 - 4 Years,2024,18020.0
Central Region,Female,0 - 4 Years,2023,18030.0
Central Region,Female,0 - 4 Years,2022,17620.0
Central Region,Female,0 - 4 Years,2021,17410.0
Central Region,Female,0 - 4 Years,2020,17550.0
Central Region,Female,0 - 4 Years,2019,17770.0
Central Region,Female,5 - 9 Years,2025,21540.0
Central Region,Female,5 - 9 Years,2024,21610.0
Central Region,Female,5 - 9 Years,2023,21440.0
Central Region,Female,5 - 9 Years,2022,21150.0
Central Region,Female,5 - 9 Years,2021,20790.0
Central Region,Female,5 - 9 Years,2020,20970.0
Central Region,Female,5 - 9 Years,2019,20940.0
Central Region,Female,10 - 14 Years,2025,22220.0
Central Region,Female,10 - 14 Years,2024,21770.0
Central Region,Female,10 - 14 Years,2023,21810.0
Central Region,Female,10 - 14 Years,2022,21310.0
Central Region,Female,10 - 14 Years,2021,20860.0
Central Region,Female,10 - 14 Years,2020,21610.0
Central Region,Female,10 - 14 Years,2019,21780.0
Central Region,Female,15 - 19 Years,2025,22110.0
Central Region,Female,15 - 19 Years,2024,21990.0
Central Region,Female,15 - 19 Years,2023,21600.0
Central Region,Female,15 - 19 Years,2022,20810.0
Central Region,Female,15 - 19 Years,2021,20160.0
Central Region,Female,15 - 19 Years,2020,21120.0
Central Region,Female,15 - 19 Years,2019,21620.0
Central Region,Female,20 - 24 Years,2025,21760.0
Central Region,Female,20 - 24 Years,2024,21810.0
Central Region,Female,20 - 24 Years,2023,21970.0
Central Region,Female,20 - 24 Years,2022,22010.0
Central Region,Female,20 - 24 Years,2021,21950.0
Central Region,Female,20 - 24 Years,2020,23080.0
Central Region,Female,20 - 24 Years,2019,23740.0
Central Region,Female,25 - 29 Years,2025,27030.0
Central Region,Female,25 - 29 Years,2024,27530.0
Central Region,Female,25 - 29 Years,2023,28310.0
Central Region,Female,25 - 29 Years,2022,28790.0
Central Region,Female,25 - 29 Years,2021,28200.0
Central Region,Female,25 - 29 Years,2020,29650.0
Central Region,Female,25 - 29 Years,2019,30030.0
Central Region,Female,30 - 34 Years,2025,37490.0
Central Region,Female,30 - 34 Years,2024,37380.0
Central Region,Female,30 - 34 Years,2023,37800.0
Central Region,Female,30 - 34 Years,2022,35940.0
Central Region,Female,30 - 34 Years,2021,32980.0
Central Region,Female,30 - 34 Years,2020,32440.0
Central Region,Female,30 - 34 Years,2019,31690.0
Central Region,Female,35 - 39 Years,2025,39610.0
Central Region,Female,35 - 39 Years,2024,38330.0
Central Region,Female,35 - 39 Years,2023,35700.0
Central Region,Female,35 - 39 Years,2022,33810.0
Central Region,Female,35 - 39 Years,2021,33060.0
Central Region,Female,35 - 39 Years,2020,34600.0
Central Region,Female,35 - 39 Years,2019,35220.0
Central Region,Female,40 - 44 Years,2025,38630.0
Central Region,Female,40 - 44 Years,2024,38280.0
Central Region,Female,40 - 44 Years,2023,38410.0
Central Region,Female,40 - 44 Years,2022,37010.0
Central Region,Female,40 - 44 Years,2021,36060.0
Central Region,Female,40 - 44 Years,2020,37290.0
Central Region,Female,40 - 44 Years,2019,37830.0
Central Region,Female,45 - 49 Years,2025,38350.0
Central Region,Female,45 - 49 Years,2024,38290.0
Central Region,Female,45 - 49 Years,2023,38230.0
Central Region,Female,45 - 49 Years,2022,37900.0
Central Region,Female,45 - 49 Years,2021,36870.0
Central Region,Female,45 - 49 Years,2020,38440.0
Central Region,Female,45 - 49 Years,2019,38380.0
Central Region,Female,50 - 54 Years,2025,38250.0
Central Region,Female,50 - 54 Years,2024,37570.0
Central Region,Female,50 - 54 Years,2023,36710.0
Central Region,Female,50 - 54 Years,2022,34700.0
Central Region,Female,50 - 54 Years,2021,32890.0
Central Region,Female,50 - 54 Years,2020,33800.0
Central Region,Female,50 - 54 Years,2019,33920.0
Central Region,Female,55 - 59 Years,2025,33200.0
Central Region,Female,55 - 59 Years,2024,32890.0
Central Region,Female,55 - 59 Years,2023,33100.0
Central Region,Female,55 - 59 Years,2022,32710.0
Central Region,Female,55 - 59 Years,2021,32280.0
Central Region,Female,55 - 59 Years,2020,33760.0
Central Region,Female,55 - 59 Years,2019,34420.0
Central Region,Female,60 - 64 Years,2025,32950.0
Central Region,Female,60 - 64 Years,2024,33180.0
Central Region,Female,60 - 64 Years,2023,33150.0
Central Region,Female,60 - 64 Years,2022,32640.0
Central Region,Female,60 - 64 Years,2021,32190.0
Central Region,Female,60 - 64 Years,2020,33450.0
Central Region,Female,60 - 64 Years,2019,33510.0
Central Region,Female,65 - 69 Years,2025,32400.0
Central Region,Female,65 - 69 Years,2024,32250.0
Central Region,Female,65 - 69 Years,2023,32040.0
Central Region,Female,65 - 69 Years,2022,30960.0
Central Region,Female,65 - 69 Years,2021,29880.0
Central Region,Female,65 - 69 Years,2020,30120.0
Central Region,Female,65 - 69 Years,2019,30220.0
Central Region,Female,70 - 74 Years,2025,28820.0
Central Region,Female,70 - 74 Years,2024,28830.0
Central Region,Female,70 - 74 Years,2023,28670.0
Central Region,Female,70 - 74 Years,2022,28170.0
Central Region,Female,70 - 74 Years,2021,27960.0
Central Region,Female,70 - 74 Years,2020,26920.0
Central Region,Female,70 - 74 Years,2019,24310.0
Central Region,Female,75 - 79 Years,2025,25020.0
Central Region,Female,75 - 79 Years,2024,22460.0
Central Region,Female,75 - 79 Years,2023,20600.0
Central Region,Female,75 - 79 Years,2022,18370.0
Central Region,Female,75 - 79 Years,2021,16170.0
Central Region,Female,75 - 79 Years,2020,16770.0
Central Region,Female,75 - 79 Years,2019,17820.0
Central Region,Female,80 - 84 Years,2025,14460.0
Central Region,Female,80 - 84 Years,2024,15340.0
Central Region,Female,80 - 84 Years,2023,15430.0
Central Region,Female,80 - 84 Years,2022,15480.0
Central Region,Female,80 - 84 Years,2021,14960.0
Central Region,Female,80 - 84 Years,2020,14020.0
Central Region,Female,80 - 84 Years,2019,13190.0
Central Region,Female,85 - 89 Years,2025,10710.0
Central Region,Female,85 - 89 Years,2024,9900.0
Central Region,Female,85 - 89 Years,2023,9120.0
Central Region,Female,85 - 89 Years,2022,8700.0
Central Region,Female,85 - 89 Years,2021,8650.0
Central Region,Female,85 - 89 Years,2020,8380.0
Central Region,Female,85 - 89 Years,2019,7820.0
Central Region,Female,90 Years & Over,2025,7100.0
Central Region,Female,90 Years & Over,2024,6650.0
Central Region,Female,90 Years & Over,2023,6290.0
Central Region,Female,90 Years & Over,2022,6060.0
Central Region,Female,90 Years & Over,2021,5800.0
Central Region,Female,90 Years & Over,2020,5580.0
Central Region,Female,90 Years & Over,2019,5190.0
East Region,Male,0 - 4 Years,2025,14630.0
East Region,Male,0 - 4 Years,2024,14740.0
East Region,Male,0 - 4 Years,2023,14650.0
East Region,Male,0 - 4 Years,2022,14510.0
East Region,Male,0 - 4 Years,2021,13930.0
East Region,Male,0 - 4 Years,2020,13870.0
East Region,Male,0 - 4 Years,2019,13880.0
East Region,Male,5 - 9 Years,2025,16610.0
East Region,Male,5 - 9 Years,2024,16480.0
East Region,Male,5 - 9 Years,2023,16210.0
East Region,Male,5 - 9 Years,2022,15860.0
East Region,Male,5 - 9 Years,2021,15420.0
East Region,Male,5 - 9 Years,2020,15210.0
East Region,Male,5 - 9 Years,2019,15140.0
East Region,Male,10 - 14 Years,2025,16610.0
East Region,Male,10 - 14 Years,2024,16310.0
East Region,Male,10 - 14 Years,2023,16410.0
East Region,Male,10 - 14 Years,2022,16420.0
East Region,Male,10 - 14 Years,2021,16270.0
East Region,Male,10 - 14 Years,2020,16720.0
East Region,Male,10 - 14 Years,2019,17130.0
East Region,Male,15 - 19 Years,2025,17380.0
East Region,Male,15 - 19 Years,2024,17500.0
East Region,Male,15 - 19 Years,2023,17430.0
East Region,Male,15 - 19 Years,2022,17510.0
East Region,Male,15 - 19 Years,2021,17630.0
East Region,Male,15 - 19 Years,2020,18800.0
East Region,Male,15 - 19 Years,2019,19820.0
East Region,Male,20 - 24 Years,2025,18820.0
East Region,Male,20 - 24 Years,2024,19730.0
East Region,Male,20 - 24 Years,2023,20620.0
East Region,Male,20 - 24 Years,2022,21630.0
East Region,Male,20 - 24 Years,2021,22650.0
East Region,Male,20 - 24 Years,2020,23810.0
East Region,Male,20 - 24 Years,2019,24960.0
East Region,Male,25 - 29 Years,2025,23840.0
East Region,Male,25 - 29 Years,2024,25010.0
East Region,Male,25 - 29 Years,2023,26100.0
East Region,Male,25 - 29 Years,2022,26680.0
East Region,Male,25 - 29 Years,2021,26870.0
East Region,Male,25 - 29 Years,2020,27470.0
East Region,Male,25 - 29 Years,2019,27220.0
East Region,Male,30 - 34 Years,2025,27940.0
East Region,Male,30 - 34 Years,2024,27900.0
East Region,Male,30 - 34 Years,2023,27750.0
East Region,Male,30 - 34 Years,2022,26630.0
East Region,Male,30 - 34 Years,2021,24650.0
East Region,Male,30 - 34 Years,2020,23510.0
East Region,Male,30 - 34 Years,2019,22510.0
East Region,Male,35 - 39 Years,2025,25080.0
East Region,Male,35 - 39 Years,2024,24220.0
East Region,Male,35 - 39 Years,2023,22520.0
East Region,Male,35 - 39 Years,2022,21440.0
East Region,Male,35 - 39 Years,2021,20860.0
East Region,Male,35 - 39 Years,2020,21060.0
East Region,Male,35 - 39 Years,2019,21220.0
East Region,Male,40 - 44 Years,2025,22770.0
East Region,Male,40 - 44 Years,2024,22530.0
East Region,Male,40 - 44 Years,2023,22420.0
East Region,Male,40 - 44 Years,2022,21810.0
East Region,Male,40 - 44 Years,2021,21280.0
East Region,Male,40 - 44 Years,2020,21840.0
East Region,Male,40 - 44 Years,2019,22090.0
East Region,Male,45 - 49 Years,2025,22200.0
East Region,Male,45 - 49 Years,2024,22170.0
East Region,Male,45 - 49 Years,2023,22420.0
East Region,Male,45 - 49 Years,2022,22730.0
East Region,Male,45 - 49 Years,2021,22520.0
East Region,Male,45 - 49 Years,2020,23520.0
East Region,Male,45 - 49 Years,2019,23780.0
East Region,Male,50 - 54 Years,2025,23120.0
East Region,Male,50 - 54 Years,2024,23250.0
East Region,Male,50 - 54 Years,2023,23000.0
East Region,Male,50 - 54 Years,2022,22990.0
East Region,Male,50 - 54 Years,2021,23000.0
East Region,Male,50 - 54 Years,2020,24380.0
East Region,Male,50 - 54 Years,2019,25710.0
East Region,Male,55 - 59 Years,2025,23430.0
East Region,Male,55 - 59 Years,2024,24560.0
East Region,Male,55 - 59 Years,2023,25940.0
East Region,Male,55 - 59 Years,2022,26420.0
East Region,Male,55 - 59 Years,2021,26830.0
East Region,Male,55 - 59 Years,2020,28160.0
East Region,Male,55 - 59 Years,2019,28500.0
East Region,Male,60 - 64 Years,2025,26810.0
East Region,Male,60 - 64 Years,2024,27110.0
East Region,Male,60 - 64 Years,2023,27140.0
East Region,Male,60 - 64 Years,2022,26820.0
East Region,Male,60 - 64 Years,2021,26430.0
East Region,Male,60 - 64 Years,2020,26340.0
East Region,Male,60 - 64 Years,2019,25820.0
East Region,Male,65 - 69 Years,2025,24790.0
East Region,Male,65 - 69 Years,2024,24260.0
East Region,Male,65 - 69 Years,2023,23590.0
East Region,Male,65 - 69 Years,2022,22610.0
East Region,Male,65 - 69 Years,2021,21400.0
East Region,Male,65 - 69 Years,2020,20940.0
East Region,Male,65 - 69 Years,2019,20250.0
East Region,Male,70 - 74 Years,2025,19170.0
East Region,Male,70 - 74 Years,2024,18510.0
East Region,Male,70 - 74 Years,2023,17470.0
East Region,Male,70 - 74 Years,2022,16570.0
East Region,Male,70 - 74 Years,2021,15810.0
East Region,Male,70 - 74 Years,2020,14590.0
East Region,Male,70 - 74 Years,2019,12710.0
East Region,Male,75 - 79 Years,2025,12660.0
East Region,Male,75 - 79 Years,2024,11030.0
East Region,Male,75 - 79 Years,2023,9770.0
East Region,Male,75 - 79 Years,2022,8340.0
East Region,Male,75 - 79 Years,2021,7000.0
East Region,Male,75 - 79 Years,2020,6790.0
East Region,Male,75 - 79 Years,2019,6920.0
East Region,Male,80 - 84 Years,2025,5350.0
East Region,Male,80 - 84 Years,2024,5430.0
East Region,Male,80 - 84 Years,2023,5110.0
East Region,Male,80 - 84 Years,2022,4980.0
East Region,Male,80 - 84 Years,2021,4740.0
East Region,Male,80 - 84 Years,2020,4460.0
East Region,Male,80 - 84 Years,2019,4220.0
East Region,Male,85 - 89 Years,2025,2950.0
East Region,Male,85 - 89 Years,2024,2720.0
East Region,Male,85 - 89 Years,2023,2510.0
East Region,Male,85 - 89 Years,2022,2390.0
East Region,Male,85 - 89 Years,2021,2340.0
East Region,Male,85 - 89 Years,2020,2210.0
East Region,Male,85 - 89 Years,2019,2050.0
East Region,Male,90 Years & Over,2025,1360.0
East Region,Male,90 Years & Over,2024,1220.0
East Region,Male,90 Years & Over,2023,1150.0
East Region,Male,90 Years & Over,2022,1100.0
East Region,Male,90 Years & Over,2021,1110.0
East Region,Male,90 Years & Over,2020,1030.0
East Region,Male,90 Years & Over,2019,930.0
East Region,Female,0 - 4 Years,2025,13680.0
East Region,Female,0 - 4 Years,2024,13890.0
East Region,Female,0 - 4 Years,2023,14070.0
East Region,Female,0 - 4 Years,2022,14020.0
East Region,Female,0 - 4 Years,2021,13630.0
East Region,Female,0 - 4 Years,2020,13480.0
East Region,Female,0 - 4 Years,2019,13490.0
East Region,Female,5 - 9 Years,2025,15740.0
East Region,Female,5 - 9 Years,2024,15640.0
East Region,Female,5 - 9 Years,2023,15240.0
East Region,Female,5 - 9 Years,2022,14900.0
East Region,Female,5 - 9 Years,2021,14460.0
East Region,Female,5 - 9 Years,2020,14450.0
East Region,Female,5 - 9 Years,2019,14490.0
East Region,Female,10 - 14 Years,2025,15720.0
East Region,Female,10 - 14 Years,2024,15530.0
East Region,Female,10 - 14 Years,2023,15540.0
East Region,Female,10 - 14 Years,2022,15500.0
East Region,Female,10 - 14 Years,2021,15380.0
East Region,Female,10 - 14 Years,2020,15930.0
East Region,Female,10 - 14 Years,2019,16250.0
East Region,Female,15 - 19 Years,2025,16490.0
East Region,Female,15 - 19 Years,2024,16620.0
East Region,Female,15 - 19 Years,2023,16630.0
East Region,Female,15 - 19 Years,2022,16650.0
East Region,Female,15 - 19 Years,2021,16830.0
East Region,Female,15 - 19 Years,2020,18040.0
East Region,Female,15 - 19 Years,2019,18960.0
East Region,Female,20 - 24 Years,2025,18140.0
East Region,Female,20 - 24 Years,2024,18960.0
East Region,Female,20 - 24 Years,2023,19590.0
East Region,Female,20 - 24 Years,2022,20240.0
East Region,Female,20 - 24 Years,2021,20930.0
East Region,Female,20 - 24 Years,2020,22370.0
East Region,Female,20 - 24 Years,2019,23490.0
East Region,Female,25 - 29 Years,2025,22850.0
East Region,Female,25 - 29 Years,2024,24070.0
East Region,Female,25 - 29 Years,2023,25410.0
East Region,Female,25 - 29 Years,2022,25960.0
East Region,Female,25 - 29 Years,2021,25980.0
East Region,Female,25 - 29 Years,2020,26730.0
East Region,Female,25 - 29 Years,2019,26550.0
East Region,Female,30 - 34 Years,2025,28570.0
East Region,Female,30 - 34 Years,2024,28580.0
East Region,Female,30 - 34 Years,2023,28180.0
East Region,Female,30 - 34 Years,2022,27050.0
East Region,Female,30 - 34 Years,2021,24940.0
East Region,Female,30 - 34 Years,2020,24020.0
East Region,Female,30 - 34 Years,2019,23230.0
East Region,Female,35 - 39 Years,2025,27070.0
East Region,Female,35 - 39 Years,2024,26090.0
East Region,Female,35 - 39 Years,2023,24540.0
East Region,Female,35 - 39 Years,2022,23610.0
East Region,Female,35 - 39 Years,2021,22880.0
East Region,Female,35 - 39 Years,2020,23850.0
East Region,Female,35 - 39 Years,2019,24340.0
East Region,Female,40 - 44 Years,2025,25500.0
East Region,Female,40 - 44 Years,2024,25550.0
East Region,Female,40 - 44 Years,2023,25470.0
East Region,Female,40 - 44 Years,2022,24390.0
East Region,Female,40 - 44 Years,2021,23850.0
East Region,Female,40 - 44 Years,2020,24510.0
East Region,Female,40 - 44 Years,2019,24760.0
East Region,Female,45 - 49 Years,2025,24750.0
East Region,Female,45 - 49 Years,2024,24670.0
East Region,Female,45 - 49 Years,2023,24750.0
East Region,Female,45 - 49 Years,2022,24890.0
East Region,Female,45 - 49 Years,2021,24480.0
East Region,Female,45 - 49 Years,2020,25630.0
East Region,Female,45 - 49 Years,2019,26160.0
East Region,Female,50 - 54 Years,2025,25360.0
East Region,Female,50 - 54 Years,2024,25580.0
East Region,Female,50 - 54 Years,2023,25720.0
East Region,Female,50 - 54 Years,2022,25730.0
East Region,Female,50 - 54 Years,2021,25900.0
East Region,Female,50 - 54 Years,2020,27550.0
East Region,Female,50 - 54 Years,2019,28470.0
East Region,Female,55 - 59 Years,2025,26740.0
East Region,Female,55 - 59 Years,2024,27610.0
East Region,Female,55 - 59 Years,2023,28430.0
East Region,Female,55 - 59 Years,2022,28630.0
East Region,Female,55 - 59 Years,2021,28520.0
East Region,Female,55 - 59 Years,2020,29280.0
East Region,Female,55 - 59 Years,2019,29550.0
East Region,Female,60 - 64 Years,2025,28440.0
East Region,Female,60 - 64 Years,2024,28630.0
East Region,Female,60 - 64 Years,2023,28250.0
East Region,Female,60 - 64 Years,2022,27860.0
East Region,Female,60 - 64 Years,2021,27110.0
East Region,Female,60 - 64 Years,2020,27180.0
East Region,Female,60 - 64 Years,2019,26580.0
East Region,Female,65 - 69 Years,2025,26280.0
East Region,Female,65 - 69 Years,2024,25620.0
East Region,Female,65 - 69 Years,2023,24720.0
East Region,Female,65 - 69 Years,2022,23330.0
East Region,Female,65 - 69 Years,2021,22070.0
East Region,Female,65 - 69 Years,2020,21270.0
East Region,Female,65 - 69 Years,2019,20120.0
East Region,Female,70 - 74 Years,2025,20240.0
East Region,Female,70 - 74 Years,2024,19100.0
East Region,Female,70 - 74 Years,2023,18260.0
East Region,Female,70 - 74 Years,2022,17420.0
East Region,Female,70 - 74 Years,2021,16640.0
East Region,Female,70 - 74 Years,2020,15560.0
East Region,Female,70 - 74 Years,2019,13720.0
East Region,Female,75 - 79 Years,2025,14340.0
East Region,Female,75 - 79 Years,2024,12690.0
East Region,Female,75 - 79 Years,2023,11320.0
East Region,Female,75 - 79 Years,2022,9740.0
East Region,Female,75 - 79 Years,2021,8370.0
East Region,Female,75 - 79 Years,2020,8300.0
East Region,Female,75 - 79 Years,2019,8650.0
East Region,Female,80 - 84 Years,2025,7170.0
East Region,Female,80 - 84 Years,2024,7470.0
East Region,Female,80 - 84 Years,2023,7430.0
East Region,Female,80 - 84 Years,2022,7290.0
East Region,Female,80 - 84 Years,2021,6890.0
East Region,Female,80 - 84 Years,2020,6480.0
East Region,Female,80 - 84 Years,2019,6150.0
East Region,Female,85 - 89 Years,2025,4870.0
East Region,Female,85 - 89 Years,2024,4590.0
East Region,Female,85 - 89 Years,2023,4190.0
East Region,Female,85 - 89 Years,2022,4070.0
East Region,Female,85 - 89 Years,2021,4080.0
East Region,Female,85 - 89 Years,2020,3980.0
East Region,Female,85 - 89 Years,2019,3790.0
East Region,Female,90 Years & Over,2025,3240.0
East Region,Female,90 Years & Over,2024,2970.0
East Region,Female,90 Years & Over,2023,2830.0
East Region,Female,90 Years & Over,2022,2740.0
East Region,Female,90 Years & Over,2021,2720.0
East Region,Female,90 Years & Over,2020,2580.0
East Region,Female,90 Years & Over,2019,2410.0
North Region,Male,0 - 4 Years,2025,13280.0
North Region,Male,0 - 4 Years,2024,13880.0
North Region,Male,0 - 4 Years,2023,14580.0
North Region,Male,0 - 4 Years,2022,14940.0
North Region,Male,0 - 4 Years,2021,14970.0
North Region,Male,0 - 4 Years,2020,15180.0
North Region,Male,0 - 4 Years,2019,14940.0
North Region,Male,5 - 9 Years,2025,15400.0
North Region,Male,5 - 9 Years,2024,15470.0
North Region,Male,5 - 9 Years,2023,15630.0
North Region,Male,5 - 9 Years,2022,15690.0
North Region,Male,5 - 9 Years,2021,15480.0
North Region,Male,5 - 9 Years,2020,15400.0
North Region,Male,5 - 9 Years,2019,15420.0
North Region,Male,10 - 14 Years,2025,15670.0
North Region,Male,10 - 14 Years,2024,15690.0
North Region,Male,10 - 14 Years,2023,15870.0
North Region,Male,10 - 14 Years,2022,15880.0
North Region,Male,10 - 14 Years,2021,15740.0
North Region,Male,10 - 14 Years,2020,16390.0
North Region,Male,10 - 14 Years,2019,16500.0
North Region,Male,15 - 19 Years,2025,16740.0
North Region,Male,15 - 19 Years,2024,16820.0
North Region,Male,15 - 19 Years,2023,16880.0
North Region,Male,15 - 19 Years,2022,16940.0
North Region,Male,15 - 19 Years,2021,17120.0
North Region,Male,15 - 19 Years,2020,18130.0
North Region,Male,15 - 19 Years,2019,18860.0
North Region,Male,20 - 24 Years,2025,18490.0
North Region,Male,20 - 24 Years,2024,19440.0
North Region,Male,20 - 24 Years,2023,19930.0
North Region,Male,20 - 24 Years,2022,20300.0
North Region,Male,20 - 24 Years,2021,20720.0
North Region,Male,20 - 24 Years,2020,20940.0
North Region,Male,20 - 24 Years,2019,20680.0
North Region,Male,25 - 29 Years,2025,22280.0
North Region,Male,25 - 29 Years,2024,22280.0
North Region,Male,25 - 29 Years,2023,22660.0
North Region,Male,25 - 29 Years,2022,22400.0
North Region,Male,25 - 29 Years,2021,22110.0
North Region,Male,25 - 29 Years,2020,22560.0
North Region,Male,25 - 29 Years,2019,22500.0
North Region,Male,30 - 34 Years,2025,23610.0
North Region,Male,30 - 34 Years,2024,23810.0
North Region,Male,30 - 34 Years,2023,24140.0
North Region,Male,30 - 34 Years,2022,23750.0
North Region,Male,30 - 34 Years,2021,23240.0
North Region,Male,30 - 34 Years,2020,22630.0
North Region,Male,30 - 34 Years,2019,21560.0
North Region,Male,35 - 39 Years,2025,22480.0
North Region,Male,35 - 39 Years,2024,22030.0
North Region,Male,35 - 39 Years,2023,21260.0
North Region,Male,35 - 39 Years,2022,20740.0
North Region,Male,35 - 39 Years,2021,20970.0
North Region,Male,35 - 39 Years,2020,21530.0
North Region,Male,35 - 39 Years,2019,21560.0
North Region,Male,40 - 44 Years,2025,21050.0
North Region,Male,40 - 44 Years,2024,21180.0
North Region,Male,40 - 44 Years,2023,21250.0
North Region,Male,40 - 44 Years,2022,20740.0
North Region,Male,40 - 44 Years,2021,20430.0
North Region,Male,40 - 44 Years,2020,20730.0
North Region,Male,40 - 44 Years,2019,20580.0
North Region,Male,45 - 49 Years,2025,20130.0
North Region,Male,45 - 49 Years,2024,20190.0
North Region,Male,45 - 49 Years,2023,20510.0
North Region,Male,45 - 49 Years,2022,21010.0
North Region,Male,45 - 49 Years,2021,21170.0
North Region,Male,45 - 49 Years,2020,21920.0
North Region,Male,45 - 49 Years,2019,21850.0
North Region,Male,50 - 54 Years,2025,21250.0
North Region,Male,50 - 54 Years,2024,21470.0
North Region,Male,50 - 54 Years,2023,21590.0
North Region,Male,50 - 54 Years,2022,21170.0
North Region,Male,50 - 54 Years,2021,21200.0
North Region,Male,50 - 54 Years,2020,22050.0
North Region,Male,50 - 54 Years,2019,22540.0
North Region,Male,55 - 59 Years,2025,21390.0
North Region,Male,55 - 59 Years,2024,22060.0
North Region,Male,55 - 59 Years,2023,22820.0
North Region,Male,55 - 59 Years,2022,22800.0
North Region,Male,55 - 59 Years,2021,22610.0
North Region,Male,55 - 59 Years,2020,22900.0
North Region,Male,55 - 59 Years,2019,22380.0
North Region,Male,60 - 64 Years,2025,21980.0
North Region,Male,60 - 64 Years,2024,21570.0
North Region,Male,60 - 64 Years,2023,21010.0
North Region,Male,60 - 64 Years,2022,20250.0
North Region,Male,60 - 64 Years,2021,19490.0
North Region,Male,60 - 64 Years,2020,18970.0
North Region,Male,60 - 64 Years,2019,18150.0
North Region,Male,65 - 69 Years,2025,17860.0
North Region,Male,65 - 69 Years,2024,17160.0
North Region,Male,65 - 69 Years,2023,16420.0
North Region,Male,65 - 69 Years,2022,15450.0
North Region,Male,65 - 69 Years,2021,14330.0
North Region,Male,65 - 69 Years,2020,13640.0
North Region,Male,65 - 69 Years,2019,12720.0
North Region,Male,70 - 74 Years,2025,12330.0
North Region,Male,70 - 74 Years,2024,11590.0
North Region,Male,70 - 74 Years,2023,10680.0
North Region,Male,70 - 74 Years,2022,9860.0
North Region,Male,70 - 74 Years,2021,9160.0
North Region,Male,70 - 74 Years,2020,8390.0
North Region,Male,70 - 74 Years,2019,7180.0
North Region,Male,75 - 79 Years,2025,7180.0
North Region,Male,75 - 79 Years,2024,6130.0
North Region,Male,75 - 79 Years,2023,5470.0
North Region,Male,75 - 79 Years,2022,4710.0
North Region,Male,75 - 79 Years,2021,3970.0
North Region,Male,75 - 79 Years,2020,3980.0
North Region,Male,75 - 79 Years,2019,4050.0
North Region,Male,80 - 84 Years,2025,2970.0
North Region,Male,80 - 84 Years,2024,3020.0
North Region,Male,80 - 84 Years,2023,2930.0
North Region,Male,80 - 84 Years,2022,2830.0
North Region,Male,80 - 84 Years,2021,2770.0
North Region,Male,80 - 84 Years,2020,2540.0
North Region,Male,80 - 84 Years,2019,2360.0
North Region,Male,85 - 89 Years,2025,1570.0
North Region,Male,85 - 89 Years,2024,1460.0
North Region,Male,85 - 89 Years,2023,1340.0
North Region,Male,85 - 89 Years,2022,1270.0
North Region,Male,85 - 89 Years,2021,1240.0
North Region,Male,85 - 89 Years,2020,1220.0
North Region,Male,85 - 89 Years,2019,1070.0
North Region,Male,90 Years & Over,2025,710.0
North Region,Male,90 Years & Over,2024,620.0
North Region,Male,90 Years & Over,2023,520.0
North Region,Male,90 Years & Over,2022,520.0
North Region,Male,90 Years & Over,2021,490.0
North Region,Male,90 Years & Over,2020,470.0
North Region,Male,90 Years & Over,2019,430.0
North Region,Female,0 - 4 Years,2025,12260.0
North Region,Female,0 - 4 Years,2024,12760.0
North Region,Female,0 - 4 Years,2023,13510.0
North Region,Female,0 - 4 Years,2022,14120.0
North Region,Female,0 - 4 Years,2021,14150.0
North Region,Female,0 - 4 Years,2020,14380.0
North Region,Female,0 - 4 Years,2019,14360.0
North Region,Female,5 - 9 Years,2025,14500.0
North Region,Female,5 - 9 Years,2024,14750.0
North Region,Female,5 - 9 Years,2023,14880.0
North Region,Female,5 - 9 Years,2022,14740.0
North Region,Female,5 - 9 Years,2021,14500.0
North Region,Female,5 - 9 Years,2020,14570.0
North Region,Female,5 - 9 Years,2019,14470.0
North Region,Female,10 - 14 Years,2025,14780.0
North Region,Female,10 - 14 Years,2024,14760.0
North Region,Female,10 - 14 Years,2023,14950.0
North Region,Female,10 - 14 Years,2022,14920.0
North Region,Female,10 - 14 Years,2021,14740.0
North Region,Female,10 - 14 Years,2020,15590.0
North Region,Female,10 - 14 Years,2019,15720.0
North Region,Female,15 - 19 Years,2025,15940.0
North Region,Female,15 - 19 Years,2024,16090.0
North Region,Female,15 - 19 Years,2023,16150.0
North Region,Female,15 - 19 Years,2022,15850.0
North Region,Female,15 - 19 Years,2021,15790.0
North Region,Female,15 - 19 Years,2020,16790.0
North Region,Female,15 - 19 Years,2019,17470.0
North Region,Female,20 - 24 Years,2025,17320.0
North Region,Female,20 - 24 Years,2024,18030.0
North Region,Female,20 - 24 Years,2023,18470.0
North Region,Female,20 - 24 Years,2022,18930.0
North Region,Female,20 - 24 Years,2021,19320.0
North Region,Female,20 - 24 Years,2020,19770.0
North Region,Female,20 - 24 Years,2019,19670.0
North Region,Female,25 - 29 Years,2025,21540.0
North Region,Female,25 - 29 Years,2024,21910.0
North Region,Female,25 - 29 Years,2023,22410.0
North Region,Female,25 - 29 Years,2022,22050.0
North Region,Female,25 - 29 Years,2021,22140.0
North Region,Female,25 - 29 Years,2020,22790.0
North Region,Female,25 - 29 Years,2019,22550.0
North Region,Female,30 - 34 Years,2025,24350.0
North Region,Female,30 - 34 Years,2024,24540.0
North Region,Female,30 - 34 Years,2023,24920.0
North Region,Female,30 - 34 Years,2022,24580.0
North Region,Female,30 - 34 Years,2021,23750.0
North Region,Female,30 - 34 Years,2020,23590.0
North Region,Female,30 - 34 Years,2019,23130.0
North Region,Female,35 - 39 Years,2025,23970.0
North Region,Female,35 - 39 Years,2024,23810.0
North Region,Female,35 - 39 Years,2023,23140.0
North Region,Female,35 - 39 Years,2022,22470.0
North Region,Female,35 - 39 Years,2021,22230.0
North Region,Female,35 - 39 Years,2020,22880.0
North Region,Female,35 - 39 Years,2019,22620.0
North Region,Female,40 - 44 Years,2025,22790.0
North Region,Female,40 - 44 Years,2024,22530.0
North Region,Female,40 - 44 Years,2023,22660.0
North Region,Female,40 - 44 Years,2022,21960.0
North Region,Female,40 - 44 Years,2021,21510.0
North Region,Female,40 - 44 Years,2020,22210.0
North Region,Female,40 - 44 Years,2019,22070.0
North Region,Female,45 - 49 Years,2025,22070.0
North Region,Female,45 - 49 Years,2024,22030.0
North Region,Female,45 - 49 Years,2023,22310.0
North Region,Female,45 - 49 Years,2022,22360.0
North Region,Female,45 - 49 Years,2021,22250.0
North Region,Female,45 - 49 Years,2020,23430.0
North Region,Female,45 - 49 Years,2019,23400.0
North Region,Female,50 - 54 Years,2025,23180.0
North Region,Female,50 - 54 Years,2024,23300.0
North Region,Female,50 - 54 Years,2023,23090.0
North Region,Female,50 - 54 Years,2022,22480.0
North Region,Female,50 - 54 Years,2021,21820.0
North Region,Female,50 - 54 Years,2020,22390.0
North Region,Female,50 - 54 Years,2019,22540.0
North Region,Female,55 - 59 Years,2025,22050.0
North Region,Female,55 - 59 Years,2024,22280.0
North Region,Female,55 - 59 Years,2023,22540.0
North Region,Female,55 - 59 Years,2022,22270.0
North Region,Female,55 - 59 Years,2021,21930.0
North Region,Female,55 - 59 Years,2020,22020.0
North Region,Female,55 - 59 Years,2019,21540.0
North Region,Female,60 - 64 Years,2025,21460.0
North Region,Female,60 - 64 Years,2024,21140.0
North Region,Female,60 - 64 Years,2023,20560.0
North Region,Female,60 - 64 Years,2022,19650.0
North Region,Female,60 - 64 Years,2021,18760.0
North Region,Female,60 - 64 Years,2020,18480.0
North Region,Female,60 - 64 Years,2019,17540.0
North Region,Female,65 - 69 Years,2025,17830.0
North Region,Female,65 - 69 Years,2024,16910.0
North Region,Female,65 - 69 Years,2023,16040.0
North Region,Female,65 - 69 Years,2022,14950.0
North Region,Female,65 - 69 Years,2021,13910.0
North Region,Female,65 - 69 Years,2020,13240.0
North Region,Female,65 - 69 Years,2019,12430.0
North Region,Female,70 - 74 Years,2025,12460.0
North Region,Female,70 - 74 Years,2024,11770.0
North Region,Female,70 - 74 Years,2023,11070.0
North Region,Female,70 - 74 Years,2022,10310.0
North Region,Female,70 - 74 Years,2021,9780.0
North Region,Female,70 - 74 Years,2020,9070.0
North Region,Female,70 - 74 Years,2019,7960.0
North Region,Female,75 - 79 Years,2025,8320.0
North Region,Female,75 - 79 Years,2024,7250.0
North Region,Female,75 - 79 Years,2023,6470.0
North Region,Female,75 - 79 Years,2022,5670.0
North Region,Female,75 - 79 Years,2021,4890.0
North Region,Female,75 - 79 Years,2020,4900.0
North Region,Female,75 - 79 Years,2019,4990.0
North Region,Female,80 - 84 Years,2025,4100.0
North Region,Female,80 - 84 Years,2024,4210.0
North Region,Female,80 - 84 Years,2023,4230.0
North Region,Female,80 - 84 Years,2022,4130.0
North Region,Female,80 - 84 Years,2021,3840.0
North Region,Female,80 - 84 Years,2020,3510.0
North Region,Female,80 - 84 Years,2019,3270.0
North Region,Female,85 - 89 Years,2025,2590.0
North Region,Female,85 - 89 Years,2024,2400.0
North Region,Female,85 - 89 Years,2023,2140.0
North Region,Female,85 - 89 Years,2022,2010.0
North Region,Female,85 - 89 Years,2021,2070.0
North Region,Female,85 - 89 Years,2020,2020.0
North Region,Female,85 - 89 Years,2019,1810.0
North Region,Female,90 Years & Over,2025,1570.0
North Region,Female,90 Years & Over,2024,1380.0
North Region,Female,90 Years & Over,2023,1300.0
North Region,Female,90 Years & Over,2022,1220.0
North Region,Female,90 Years & Over,2021,1170.0
North Region,Female,90 Years & Over,2020,1120.0
North Region,Female,90 Years & Over,2019,1080.0
North-East Region,Male,0 - 4 Years,2025,20250.0
North-East Region,Male,0 - 4 Years,2024,21200.0
North-East Region,Male,0 - 4 Years,2023,22310.0
North-East Region,Male,0 - 4 Years,2022,23470.0
North-East Region,Male,0 - 4 Years,2021,24390.0
North-East Region,Male,0 - 4 Years,2020,25800.0
North-East Region,Male,0 - 4 Years,2019,26720.0
North-East Region,Male,5 - 9 Years,2025,25880.0
North-East Region,Male,5 - 9 Years,2024,26820.0
North-East Region,Male,5 - 9 Years,2023,27020.0
North-East Region,Male,5 - 9 Years,2022,27450.0
North-East Region,Male,5 - 9 Years,2021,27350.0
North-East Region,Male,5 - 9 Years,2020,27160.0
North-East Region,Male,5 - 9 Years,2019,26550.0
North-East Region,Male,10 - 14 Years,2025,27230.0
North-East Region,Male,10 - 14 Years,2024,26740.0
North-East Region,Male,10 - 14 Years,2023,26460.0
North-East Region,Male,10 - 14 Years,2022,25800.0
North-East Region,Male,10 - 14 Years,2021,25260.0
North-East Region,Male,10 - 14 Years,2020,25390.0
North-East Region,Male,10 - 14 Years,2019,25040.0
North-East Region,Male,15 - 19 Years,2025,25890.0
North-East Region,Male,15 - 19 Years,2024,25530.0
North-East Region,Male,15 - 19 Years,2023,24960.0
North-East Region,Male,15 - 19 Years,2022,24370.0
North-East Region,Male,15 - 19 Years,2021,23740.0
North-East Region,Male,15 - 19 Years,2020,24320.0
North-East Region,Male,15 - 19 Years,2019,24770.0
North-East Region,Male,20 - 24 Years,2025,24730.0
North-East Region,Male,20 - 24 Years,2024,25290.0
North-East Region,Male,20 - 24 Years,2023,25610.0
North-East Region,Male,20 - 24 Years,2022,25740.0
North-East Region,Male,20 - 24 Years,2021,26050.0
North-East Region,Male,20 - 24 Years,2020,25930.0
North-East Region,Male,20 - 24 Years,2019,25880.0
North-East Region,Male,25 - 29 Years,2025,28380.0
North-East Region,Male,25 - 29 Years,2024,28700.0
North-East Region,Male,25 - 29 Years,2023,29060.0
North-East Region,Male,25 - 29 Years,2022,29100.0
North-East Region,Male,25 - 29 Years,2021,28470.0
North-East Region,Male,25 - 29 Years,2020,29130.0
North-East Region,Male,25 - 29 Years,2019,29300.0
North-East Region,Male,30 - 34 Years,2025,34470.0
North-East Region,Male,30 - 34 Years,2024,34510.0
North-East Region,Male,30 - 34 Years,2023,35210.0
North-East Region,Male,30 - 34 Years,2022,35430.0
North-East Region,Male,30 - 34 Years,2021,34040.0
North-East Region,Male,30 - 34 Years,2020,34440.0
North-East Region,Male,30 - 34 Years,2019,35100.0
North-East Region,Male,35 - 39 Years,2025,36440.0
North-East Region,Male,35 - 39 Years,2024,36700.0
North-East Region,Male,35 - 39 Years,2023,35610.0
North-East Region,Male,35 - 39 Years,2022,35850.0
North-East Region,Male,35 - 39 Years,2021,36650.0
North-East Region,Male,35 - 39 Years,2020,38050.0
North-East Region,Male,35 - 39 Years,2019,38050.0
North-East Region,Male,40 - 44 Years,2025,37720.0
North-East Region,Male,40 - 44 Years,2024,38020.0
North-East Region,Male,40 - 44 Years,2023,38070.0
North-East Region,Male,40 - 44 Years,2022,36730.0
North-East Region,Male,40 - 44 Years,2021,35630.0
North-East Region,Male,40 - 44 Years,2020,35590.0
North-East Region,Male,40 - 44 Years,2019,35250.0
North-East Region,Male,45 - 49 Years,2025,35600.0
North-East Region,Male,45 - 49 Years,2024,35300.0
North-East Region,Male,45 - 49 Years,2023,35320.0
North-East Region,Male,45 - 49 Years,2022,35670.0
North-East Region,Male,45 - 49 Years,2021,34860.0
North-East Region,Male,45 - 49 Years,2020,35390.0
North-East Region,Male,45 - 49 Years,2019,34580.0
North-East Region,Male,50 - 54 Years,2025,35200.0
North-East Region,Male,50 - 54 Years,2024,34530.0
North-East Region,Male,50 - 54 Years,2023,33220.0
North-East Region,Male,50 - 54 Years,2022,31440.0
North-East Region,Male,50 - 54 Years,2021,30270.0
North-East Region,Male,50 - 54 Years,2020,30680.0
North-East Region,Male,50 - 54 Years,2019,30960.0
North-East Region,Male,55 - 59 Years,2025,30590.0
North-East Region,Male,55 - 59 Years,2024,30930.0
North-East Region,Male,55 - 59 Years,2023,31470.0
North-East Region,Male,55 - 59 Years,2022,31380.0
North-East Region,Male,55 - 59 Years,2021,31250.0
North-East Region,Male,55 - 59 Years,2020,31810.0
North-East Region,Male,55 - 59 Years,2019,31940.0
North-East Region,Male,60 - 64 Years,2025,31180.0
North-East Region,Male,60 - 64 Years,2024,31270.0
North-East Region,Male,60 - 64 Years,2023,31000.0
North-East Region,Male,60 - 64 Years,2022,30550.0
North-East Region,Male,60 - 64 Years,2021,30040.0
North-East Region,Male,60 - 64 Years,2020,29970.0
North-East Region,Male,60 - 64 Years,2019,29230.0
North-East Region,Male,65 - 69 Years,2025,28860.0
North-East Region,Male,65 - 69 Years,2024,28140.0
North-East Region,Male,65 - 69 Years,2023,27420.0
North-East Region,Male,65 - 69 Years,2022,26450.0
North-East Region,Male,65 - 69 Years,2021,25120.0
North-East Region,Male,65 - 69 Years,2020,24410.0
North-East Region,Male,65 - 69 Years,2019,23380.0
North-East Region,Male,70 - 74 Years,2025,22760.0
North-East Region,Male,70 - 74 Years,2024,21690.0
North-East Region,Male,70 - 74 Years,2023,20810.0
North-East Region,Male,70 - 74 Years,2022,19520.0
North-East Region,Male,70 - 74 Years,2021,18760.0
North-East Region,Male,70 - 74 Years,2020,17560.0
North-East Region,Male,70 - 74 Years,2019,15430.0
North-East Region,Male,75 - 79 Years,2025,15410.0
North-East Region,Male,75 - 79 Years,2024,13560.0
North-East Region,Male,75 - 79 Years,2023,12040.0
North-East Region,Male,75 - 79 Years,2022,10550.0
North-East Region,Male,75 - 79 Years,2021,8960.0
North-East Region,Male,75 - 79 Years,2020,8770.0
North-East Region,Male,75 - 79 Years,2019,9050.0
North-East Region,Male,80 - 84 Years,2025,6860.0
North-East Region,Male,80 - 84 Years,2024,7080.0
North-East Region,Male,80 - 84 Years,2023,6770.0
North-East Region,Male,80 - 84 Years,2022,6640.0
North-East Region,Male,80 - 84 Years,2021,6290.0
North-East Region,Male,80 - 84 Years,2020,5820.0
North-East Region,Male,80 - 84 Years,2019,5340.0
North-East Region,Male,85 - 89 Years,2025,3840.0
North-East Region,Male,85 - 89 Years,2024,3450.0
North-East Region,Male,85 - 89 Years,2023,3130.0
North-East Region,Male,85 - 89 Years,2022,2890.0
North-East Region,Male,85 - 89 Years,2021,2860.0
North-East Region,Male,85 - 89 Years,2020,2740.0
North-East Region,Male,85 - 89 Years,2019,2490.0
North-East Region,Male,90 Years & Over,2025,1640.0
North-East Region,Male,90 Years & Over,2024,1440.0
North-East Region,Male,90 Years & Over,2023,1310.0
North-East Region,Male,90 Years & Over,2022,1230.0
North-East Region,Male,90 Years & Over,2021,1140.0
North-East Region,Male,90 Years & Over,2020,1060.0
North-East Region,Male,90 Years & Over,2019,970.0
North-East Region,Female,0 - 4 Years,2025,19520.0
North-East Region,Female,0 - 4 Years,2024,20570.0
North-East Region,Female,0 - 4 Years,2023,21630.0
North-East Region,Female,0 - 4 Years,2022,22580.0
North-East Region,Female,0 - 4 Years,2021,23240.0
North-East Region,Female,0 - 4 Years,2020,24700.0
North-East Region,Female,0 - 4 Years,2019,25370.0
North-East Region,Female,5 - 9 Years,2025,25050.0
North-East Region,Female,5 - 9 Years,2024,25740.0
North-East Region,Female,5 - 9 Years,2023,26080.0
North-East Region,Female,5 - 9 Years,2022,26270.0
North-East Region,Female,5 - 9 Years,2021,26090.0
North-East Region,Female,5 - 9 Years,2020,25700.0
North-East Region,Female,5 - 9 Years,2019,25160.0
North-East Region,Female,10 - 14 Years,2025,25840.0
North-East Region,Female,10 - 14 Years,2024,25460.0
North-East Region,Female,10 - 14 Years,2023,25090.0
North-East Region,Female,10 - 14 Years,2022,24660.0
North-East Region,Female,10 - 14 Years,2021,24060.0
North-East Region,Female,10 - 14 Years,2020,24510.0
North-East Region,Female,10 - 14 Years,2019,24230.0
North-East Region,Female,15 - 19 Years,2025,24850.0
North-East Region,Female,15 - 19 Years,2024,24520.0
North-East Region,Female,15 - 19 Years,2023,24020.0
North-East Region,Female,15 - 19 Years,2022,23370.0
North-East Region,Female,15 - 19 Years,2021,22710.0
North-East Region,Female,15 - 19 Years,2020,23180.0
North-East Region,Female,15 - 19 Years,2019,23370.0
North-East Region,Female,20 - 24 Years,2025,23570.0
North-East Region,Female,20 - 24 Years,2024,23890.0
North-East Region,Female,20 - 24 Years,2023,24130.0
North-East Region,Female,20 - 24 Years,2022,24120.0
North-East Region,Female,20 - 24 Years,2021,24120.0
North-East Region,Female,20 - 24 Years,2020,24450.0
North-East Region,Female,20 - 24 Years,2019,24590.0
North-East Region,Female,25 - 29 Years,2025,28060.0
North-East Region,Female,25 - 29 Years,2024,28790.0
North-East Region,Female,25 - 29 Years,2023,29730.0
North-East Region,Female,25 - 29 Years,2022,29970.0
North-East Region,Female,25 - 29 Years,2021,29690.0
North-East Region,Female,25 - 29 Years,2020,30750.0
North-East Region,Female,25 - 29 Years,2019,31530.0
North-East Region,Female,30 - 34 Years,2025,37650.0
North-East Region,Female,30 - 34 Years,2024,38460.0
North-East Region,Female,30 - 34 Years,2023,39420.0
North-East Region,Female,30 - 34 Years,2022,39930.0
North-East Region,Female,30 - 34 Years,2021,38790.0
North-East Region,Female,30 - 34 Years,2020,39960.0
North-East Region,Female,30 - 34 Years,2019,40710.0
North-East Region,Female,35 - 39 Years,2025,41920.0
North-East Region,Female,35 - 39 Years,2024,42220.0
North-East Region,Female,35 - 39 Years,2023,41250.0
North-East Region,Female,35 - 39 Years,2022,40680.0
North-East Region,Female,35 - 39 Years,2021,40740.0
North-East Region,Female,35 - 39 Years,2020,42060.0
North-East Region,Female,35 - 39 Years,2019,41410.0
North-East Region,Female,40 - 44 Years,2025,42590.0
North-East Region,Female,40 - 44 Years,2024,42150.0
North-East Region,Female,40 - 44 Years,2023,41550.0
North-East Region,Female,40 - 44 Years,2022,39720.0
North-East Region,Female,40 - 44 Years,2021,38160.0
North-East Region,Female,40 - 44 Years,2020,38130.0
North-East Region,Female,40 - 44 Years,2019,37480.0
North-East Region,Female,45 - 49 Years,2025,38610.0
North-East Region,Female,45 - 49 Years,2024,37910.0
North-East Region,Female,45 - 49 Years,2023,37360.0
North-East Region,Female,45 - 49 Years,2022,37060.0
North-East Region,Female,45 - 49 Years,2021,35840.0
North-East Region,Female,45 - 49 Years,2020,36210.0
North-East Region,Female,45 - 49 Years,2019,35370.0
North-East Region,Female,50 - 54 Years,2025,36540.0
North-East Region,Female,50 - 54 Years,2024,35900.0
North-East Region,Female,50 - 54 Years,2023,34420.0
North-East Region,Female,50 - 54 Years,2022,32410.0
North-East Region,Female,50 - 54 Years,2021,31160.0
North-East Region,Female,50 - 54 Years,2020,31460.0
North-East Region,Female,50 - 54 Years,2019,31480.0
North-East Region,Female,55 - 59 Years,2025,31540.0
North-East Region,Female,55 - 59 Years,2024,31640.0
North-East Region,Female,55 - 59 Years,2023,31950.0
North-East Region,Female,55 - 59 Years,2022,31900.0
North-East Region,Female,55 - 59 Years,2021,31710.0
North-East Region,Female,55 - 59 Years,2020,32290.0
North-East Region,Female,55 - 59 Years,2019,32420.0
North-East Region,Female,60 - 64 Years,2025,32210.0
North-East Region,Female,60 - 64 Years,2024,32220.0
North-East Region,Female,60 - 64 Years,2023,32090.0
North-East Region,Female,60 - 64 Years,2022,31560.0
North-East Region,Female,60 - 64 Years,2021,31380.0
North-East Region,Female,60 - 64 Years,2020,31570.0
North-East Region,Female,60 - 64 Years,2019,30920.0
North-East Region,Female,65 - 69 Years,2025,31150.0
North-East Region,Female,65 - 69 Years,2024,30590.0
North-East Region,Female,65 - 69 Years,2023,29700.0
North-East Region,Female,65 - 69 Years,2022,28360.0
North-East Region,Female,65 - 69 Years,2021,26820.0
North-East Region,Female,65 - 69 Years,2020,25950.0
North-East Region,Female,65 - 69 Years,2019,24990.0
North-East Region,Female,70 - 74 Years,2025,25100.0
North-East Region,Female,70 - 74 Years,2024,24100.0
North-East Region,Female,70 - 74 Years,2023,22910.0
North-East Region,Female,70 - 74 Years,2022,21860.0
North-East Region,Female,70 - 74 Years,2021,20960.0
North-East Region,Female,70 - 74 Years,2020,19540.0
North-East Region,Female,70 - 74 Years,2019,17150.0
North-East Region,Female,75 - 79 Years,2025,18270.0
North-East Region,Female,75 - 79 Years,2024,16060.0
North-East Region,Female,75 - 79 Years,2023,14570.0
North-East Region,Female,75 - 79 Years,2022,12680.0
North-East Region,Female,75 - 79 Years,2021,10960.0
North-East Region,Female,75 - 79 Years,2020,10810.0
North-East Region,Female,75 - 79 Years,2019,11230.0
North-East Region,Female,80 - 84 Years,2025,9330.0
North-East Region,Female,80 - 84 Years,2024,9670.0
North-East Region,Female,80 - 84 Years,2023,9430.0
North-East Region,Female,80 - 84 Years,2022,9230.0
North-East Region,Female,80 - 84 Years,2021,8670.0
North-East Region,Female,80 - 84 Years,2020,7960.0
North-East Region,Female,80 - 84 Years,2019,7440.0
North-East Region,Female,85 - 89 Years,2025,6130.0
North-East Region,Female,85 - 89 Years,2024,5650.0
North-East Region,Female,85 - 89 Years,2023,5170.0
North-East Region,Female,85 - 89 Years,2022,4860.0
North-East Region,Female,85 - 89 Years,2021,4840.0
North-East Region,Female,85 - 89 Years,2020,4750.0
North-East Region,Female,85 - 89 Years,2019,4360.0
North-East Region,Female,90 Years & Over,2025,3800.0
North-East Region,Female,90 Years & Over,2024,3470.0
North-East Region,Female,90 Years & Over,2023,3320.0
North-East Region,Female,90 Years & Over,2022,3310.0
North-East Region,Female,90 Years & Over,2021,3160.0
North-East Region,Female,90 Years & Over,2020,2940.0
North-East Region,Female,90 Years & Over,2019,2750.0
West Region,Male,0 - 4 Years,2025,18350.0
West Region,Male,0 - 4 Years,2024,18970.0
West Region,Male,0 - 4 Years,2023,19550.0
West Region,Male,0 - 4 Years,2022,19800.0
West Region,Male,0 - 4 Years,2021,19940.0
West Region,Male,0 - 4 Years,2020,20450.0
West Region,Male,0 - 4 Years,2019,20730.0
West Region,Male,5 - 9 Years,2025,21910.0
West Region,Male,5 - 9 Years,2024,22170.0
West Region,Male,5 - 9 Years,2023,22220.0
West Region,Male,5 - 9 Years,2022,22180.0
West Region,Male,5 - 9 Years,2021,21970.0
West Region,Male,5 - 9 Years,2020,22190.0
West Region,Male,5 - 9 Years,2019,22230.0
West Region,Male,10 - 14 Years,2025,23240.0
West Region,Male,10 - 14 Years,2024,23120.0
West Region,Male,10 - 14 Years,2023,23330.0
West Region,Male,10 - 14 Years,2022,23400.0
West Region,Male,10 - 14 Years,2021,23560.0
West Region,Male,10 - 14 Years,2020,24640.0
West Region,Male,10 - 14 Years,2019,25140.0
West Region,Male,15 - 19 Years,2025,25390.0
West Region,Male,15 - 19 Years,2024,25570.0
West Region,Male,15 - 19 Years,2023,25660.0
West Region,Male,15 - 19 Years,2022,25700.0
West Region,Male,15 - 19 Years,2021,25920.0
West Region,Male,15 - 19 Years,2020,27360.0
West Region,Male,15 - 19 Years,2019,28370.0
West Region,Male,20 - 24 Years,2025,27620.0
West Region,Male,20 - 24 Years,2024,28400.0
West Region,Male,20 - 24 Years,2023,29150.0
West Region,Male,20 - 24 Years,2022,30040.0
West Region,Male,20 - 24 Years,2021,30660.0
West Region,Male,20 - 24 Years,2020,31250.0
West Region,Male,20 - 24 Years,2019,31960.0
West Region,Male,25 - 29 Years,2025,32560.0
West Region,Male,25 - 29 Years,2024,33120.0
West Region,Male,25 - 29 Years,2023,33960.0
West Region,Male,25 - 29 Years,2022,34310.0
West Region,Male,25 - 29 Years,2021,34170.0
West Region,Male,25 - 29 Years,2020,35090.0
West Region,Male,25 - 29 Years,2019,34980.0
West Region,Male,30 - 34 Years,2025,35820.0
West Region,Male,30 - 34 Years,2024,35370.0
West Region,Male,30 - 34 Years,2023,35580.0
West Region,Male,30 - 34 Years,2022,34970.0
West Region,Male,30 - 34 Years,2021,33750.0
West Region,Male,30 - 34 Years,2020,33410.0
West Region,Male,30 - 34 Years,2019,32850.0
West Region,Male,35 - 39 Years,2025,33090.0
West Region,Male,35 - 39 Years,2024,32420.0
West Region,Male,35 - 39 Years,2023,31030.0
West Region,Male,35 - 39 Years,2022,30100.0
West Region,Male,35 - 39 Years,2021,30310.0
West Region,Male,35 - 39 Years,2020,31340.0
West Region,Male,35 - 39 Years,2019,31550.0
West Region,Male,40 - 44 Years,2025,31610.0
West Region,Male,40 - 44 Years,2024,31490.0
West Region,Male,40 - 44 Years,2023,31530.0
West Region,Male,40 - 44 Years,2022,31020.0
West Region,Male,40 - 44 Years,2021,30880.0
West Region,Male,40 - 44 Years,2020,31730.0
West Region,Male,40 - 44 Years,2019,32350.0
West Region,Male,45 - 49 Years,2025,31350.0
West Region,Male,45 - 49 Years,2024,31800.0
West Region,Male,45 - 49 Years,2023,32360.0
West Region,Male,45 - 49 Years,2022,33000.0
West Region,Male,45 - 49 Years,2021,33010.0
West Region,Male,45 - 49 Years,2020,34520.0
West Region,Male,45 - 49 Years,2019,34840.0
West Region,Male,50 - 54 Years,2025,33920.0
West Region,Male,50 - 54 Years,2024,33900.0
West Region,Male,50 - 54 Years,2023,33710.0
West Region,Male,50 - 54 Years,2022,33300.0
West Region,Male,50 - 54 Years,2021,33130.0
West Region,Male,50 - 54 Years,2020,34920.0
West Region,Male,50 - 54 Years,2019,36000.0
West Region,Male,55 - 59 Years,2025,33780.0
West Region,Male,55 - 59 Years,2024,34680.0
West Region,Male,55 - 59 Years,2023,35720.0
West Region,Male,55 - 59 Years,2022,35860.0
West Region,Male,55 - 59 Years,2021,35870.0
West Region,Male,55 - 59 Years,2020,36400.0
West Region,Male,55 - 59 Years,2019,36310.0
West Region,Male,60 - 64 Years,2025,34810.0
West Region,Male,60 - 64 Years,2024,34550.0
West Region,Male,60 - 64 Years,2023,34050.0
West Region,Male,60 - 64 Years,2022,33270.0
West Region,Male,60 - 64 Years,2021,32710.0
West Region,Male,60 - 64 Years,2020,32950.0
West Region,Male,60 - 64 Years,2019,32260.0
West Region,Male,65 - 69 Years,2025,30950.0
West Region,Male,65 - 69 Years,2024,30160.0
West Region,Male,65 - 69 Years,2023,29260.0
West Region,Male,65 - 69 Years,2022,28150.0
West Region,Male,65 - 69 Years,2021,26860.0
West Region,Male,65 - 69 Years,2020,25830.0
West Region,Male,65 - 69 Years,2019,24750.0
West Region,Male,70 - 74 Years,2025,23540.0
West Region,Male,70 - 74 Years,2024,22470.0
West Region,Male,70 - 74 Years,2023,21370.0
West Region,Male,70 - 74 Years,2022,20170.0
West Region,Male,70 - 74 Years,2021,19170.0
West Region,Male,70 - 74 Years,2020,17590.0
West Region,Male,70 - 74 Years,2019,15320.0
West Region,Male,75 - 79 Years,2025,15300.0
West Region,Male,75 - 79 Years,2024,13220.0
West Region,Male,75 - 79 Years,2023,11570.0
West Region,Male,75 - 79 Years,2022,10040.0
West Region,Male,75 - 79 Years,2021,8270.0
West Region,Male,75 - 79 Years,2020,8100.0
West Region,Male,75 - 79 Years,2019,8210.0
West Region,Male,80 - 84 Years,2025,6290.0
West Region,Male,80 - 84 Years,2024,6300.0
West Region,Male,80 - 84 Years,2023,6130.0
West Region,Male,80 - 84 Years,2022,5850.0
West Region,Male,80 - 84 Years,2021,5600.0
West Region,Male,80 - 84 Years,2020,5150.0
West Region,Male,80 - 84 Years,2019,4780.0
West Region,Male,85 - 89 Years,2025,3290.0
West Region,Male,85 - 89 Years,2024,3080.0
West Region,Male,85 - 89 Years,2023,2690.0
West Region,Male,85 - 89 Years,2022,2500.0
West Region,Male,85 - 89 Years,2021,2450.0
West Region,Male,85 - 89 Years,2020,2320.0
West Region,Male,85 - 89 Years,2019,2090.0
West Region,Male,90 Years & Over,2025,1370.0
West Region,Male,90 Years & Over,2024,1210.0
West Region,Male,90 Years & Over,2023,1130.0
West Region,Male,90 Years & Over,2022,1090.0
West Region,Male,90 Years & Over,2021,1010.0
West Region,Male,90 Years & Over,2020,970.0
West Region,Male,90 Years & Over,2019,890.0
West Region,Female,0 - 4 Years,2025,17190.0
West Region,Female,0 - 4 Years,2024,17880.0
West Region,Female,0 - 4 Years,2023,18410.0
West Region,Female,0 - 4 Years,2022,18850.0
West Region,Female,0 - 4 Years,2021,18960.0
West Region,Female,0 - 4 Years,2020,19580.0
West Region,Female,0 - 4 Years,2019,19700.0
West Region,Female,5 - 9 Years,2025,20860.0
West Region,Female,5 - 9 Years,2024,21050.0
West Region,Female,5 - 9 Years,2023,21090.0
West Region,Female,5 - 9 Years,2022,21030.0
West Region,Female,5 - 9 Years,2021,20940.0
West Region,Female,5 - 9 Years,2020,21320.0
West Region,Female,5 - 9 Years,2019,21670.0
West Region,Female,10 - 14 Years,2025,22500.0
West Region,Female,10 - 14 Years,2024,22620.0
West Region,Female,10 - 14 Years,2023,22740.0
West Region,Female,10 - 14 Years,2022,22930.0
West Region,Female,10 - 14 Years,2021,22830.0
West Region,Female,10 - 14 Years,2020,23800.0
West Region,Female,10 - 14 Years,2019,24280.0
West Region,Female,15 - 19 Years,2025,24530.0
West Region,Female,15 - 19 Years,2024,24590.0
West Region,Female,15 - 19 Years,2023,24720.0
West Region,Female,15 - 19 Years,2022,24540.0
West Region,Female,15 - 19 Years,2021,24500.0
West Region,Female,15 - 19 Years,2020,26230.0
West Region,Female,15 - 19 Years,2019,27250.0
West Region,Female,20 - 24 Years,2025,26800.0
West Region,Female,20 - 24 Years,2024,27540.0
West Region,Female,20 - 24 Years,2023,28010.0
West Region,Female,20 - 24 Years,2022,28390.0
West Region,Female,20 - 24 Years,2021,29090.0
West Region,Female,20 - 24 Years,2020,30240.0
West Region,Female,20 - 24 Years,2019,30830.0
West Region,Female,25 - 29 Years,2025,31780.0
West Region,Female,25 - 29 Years,2024,32400.0
West Region,Female,25 - 29 Years,2023,33530.0
West Region,Female,25 - 29 Years,2022,33580.0
West Region,Female,25 - 29 Years,2021,33490.0
West Region,Female,25 - 29 Years,2020,34690.0
West Region,Female,25 - 29 Years,2019,35070.0
West Region,Female,30 - 34 Years,2025,36440.0
West Region,Female,30 - 34 Years,2024,36350.0
West Region,Female,30 - 34 Years,2023,36860.0
West Region,Female,30 - 34 Years,2022,36390.0
West Region,Female,30 - 34 Years,2021,34910.0
West Region,Female,30 - 34 Years,2020,34770.0
West Region,Female,30 - 34 Years,2019,34480.0
West Region,Female,35 - 39 Years,2025,35710.0
West Region,Female,35 - 39 Years,2024,35340.0
West Region,Female,35 - 39 Years,2023,33830.0
West Region,Female,35 - 39 Years,2022,33020.0
West Region,Female,35 - 39 Years,2021,32970.0
West Region,Female,35 - 39 Years,2020,34780.0
West Region,Female,35 - 39 Years,2019,35120.0
West Region,Female,40 - 44 Years,2025,35570.0
West Region,Female,40 - 44 Years,2024,35350.0
West Region,Female,40 - 44 Years,2023,35410.0
West Region,Female,40 - 44 Years,2022,34230.0
West Region,Female,40 - 44 Years,2021,33390.0
West Region,Female,40 - 44 Years,2020,34360.0
West Region,Female,40 - 44 Years,2019,34760.0
West Region,Female,45 - 49 Years,2025,34560.0
West Region,Female,45 - 49 Years,2024,34460.0
West Region,Female,45 - 49 Years,2023,34570.0
West Region,Female,45 - 49 Years,2022,34750.0
West Region,Female,45 - 49 Years,2021,34470.0
West Region,Female,45 - 49 Years,2020,36340.0
West Region,Female,45 - 49 Years,2019,36740.0
West Region,Female,50 - 54 Years,2025,35960.0
West Region,Female,50 - 54 Years,2024,35920.0
West Region,Female,50 - 54 Years,2023,35660.0
West Region,Female,50 - 54 Years,2022,34920.0
West Region,Female,50 - 54 Years,2021,34290.0
West Region,Female,50 - 54 Years,2020,35500.0
West Region,Female,50 - 54 Years,2019,36150.0
West Region,Female,55 - 59 Years,2025,34810.0
West Region,Female,55 - 59 Years,2024,35150.0
West Region,Female,55 - 59 Years,2023,35660.0
West Region,Female,55 - 59 Years,2022,35280.0
West Region,Female,55 - 59 Years,2021,34970.0
West Region,Female,55 - 59 Years,2020,35520.0
West Region,Female,55 - 59 Years,2019,35350.0
West Region,Female,60 - 64 Years,2025,34580.0
West Region,Female,60 - 64 Years,2024,34250.0
West Region,Female,60 - 64 Years,2023,33660.0
West Region,Female,60 - 64 Years,2022,32870.0
West Region,Female,60 - 64 Years,2021,32290.0
West Region,Female,60 - 64 Years,2020,32470.0
West Region,Female,60 - 64 Years,2019,31950.0
West Region,Female,65 - 69 Years,2025,31250.0
West Region,Female,65 - 69 Years,2024,30560.0
West Region,Female,65 - 69 Years,2023,29650.0
West Region,Female,65 - 69 Years,2022,28510.0
West Region,Female,65 - 69 Years,2021,27130.0
West Region,Female,65 - 69 Years,2020,26220.0
West Region,Female,65 - 69 Years,2019,24880.0
West Region,Female,70 - 74 Years,2025,24890.0
West Region,Female,70 - 74 Years,2024,23470.0
West Region,Female,70 - 74 Years,2023,22140.0
West Region,Female,70 - 74 Years,2022,20790.0
West Region,Female,70 - 74 Years,2021,19650.0
West Region,Female,70 - 74 Years,2020,18110.0
West Region,Female,70 - 74 Years,2019,15760.0
West Region,Female,75 - 79 Years,2025,16660.0
West Region,Female,75 - 79 Years,2024,14440.0
West Region,Female,75 - 79 Years,2023,12890.0
West Region,Female,75 - 79 Years,2022,11130.0
West Region,Female,75 - 79 Years,2021,9600.0
West Region,Female,75 - 79 Years,2020,9440.0
West Region,Female,75 - 79 Years,2019,9700.0
West Region,Female,80 - 84 Years,2025,8110.0
West Region,Female,80 - 84 Years,2024,8260.0
West Region,Female,80 - 84 Years,2023,8000.0
West Region,Female,80 - 84 Years,2022,7790.0
West Region,Female,80 - 84 Years,2021,7320.0
West Region,Female,80 - 84 Years,2020,6670.0
West Region,Female,80 - 84 Years,2019,6170.0
West Region,Female,85 - 89 Years,2025,5010.0
West Region,Female,85 - 89 Years,2024,4580.0
West Region,Female,85 - 89 Years,2023,4220.0
West Region,Female,85 - 89 Years,2022,4070.0
West Region,Female,85 - 89 Years,2021,4030.0
West Region,Female,85 - 89 Years,2020,3950.0
West Region,Female,85 - 89 Years,2019,3680.0
West Region,Female,90 Years & Over,2025,3090.0
West Region,Female,90 Years & Over,2024,2910.0
West Region,Female,90 Years & Over,2023,2730.0
West Region,Female,90 Years & Over,2022,2640.0
West Region,Female,90 Years & Over,2021,2520.0
West Region,Female,90 Years & Over,2020,2340.0
West Region,Female,90 Years & Over,2019,2190.0
