source,year,0-4,5-9,10-14,15-19,20-24,25-29,30-34,35-39,40-44,45-49,50-54,55-59,60-64,65-69,70-74,75-79,80-84,85-89,90-94,95-99,100+
Estimates,1950,165814,129905,116175,96844,83838,79959,80008,71206,59152,45233,30547,17222,13552,10316,5309,4216,2660,1032,272,49,6
Estimates,1951,182448,134628,121339,103254,88928,81492,80753,73586,62048,48234,33715,19630,13941,10554,5714,3864,2522,1051,280,48,7
Estimates,1952,199657,141354,125134,109945,94562,84068,81298,75762,64900,51152,36788,22416,14643,10798,6284,3556,2376,1058,281,50,8
Estimates,1953,216563,151276,127473,116740,100330,87876,81976,77633,67661,54055,39778,25386,15756,11172,6856,3396,2215,1037,282,53,8
Estimates,1954,232436,164624,129259,123106,105954,92892,83164,79152,70252,57030,42728,28333,17410,11787,7328,3453,2046,982,283,54,6
Estimates,1955,246004,181304,132042,128550,111430,98810,85194,80436,72575,60094,45670,31256,19535,12730,7762,3696,1908,898,276,54,6
Estimates,1956,257388,199575,137424,132510,117124,105081,88391,81655,74588,63186,48583,34225,21926,14046,8270,4043,1839,792,251,51,6
Estimates,1957,267516,215878,146784,134008,122580,110174,92384,82797,76124,66030,51282,37010,24124,15454,8884,4393,1870,705,220,47,6
Estimates,1958,275414,228432,160250,133421,127010,113012,96320,83768,77116,68330,53685,39375,25856,16576,9534,4706,1980,684,206,44,6
Estimates,1959,280518,238530,176315,133000,130742,114726,100146,84808,77896,70130,56070,41524,27492,17534,10201,5036,2116,712,208,44,6
Estimates,1960,283252,247896,192766,134778,134013,116564,103912,86304,78703,71507,58566,43645,29285,18533,10908,5408,2266,755,212,44,6
Estimates,1961,283858,257038,207912,140042,136382,118997,107208,88460,79579,72472,61076,45718,31202,19556,11648,5806,2430,809,216,44,6
Estimates,1962,282464,266062,220928,149763,137321,122293,109794,91341,80572,73148,63492,47765,33202,20646,12402,6227,2609,871,222,46,6
Estimates,1963,279960,274105,231672,164030,136880,126310,111783,94848,81684,73742,65624,49888,35214,21876,13169,6684,2811,942,234,47,6
Estimates,1964,277191,280178,241032,181044,136271,130645,113540,98716,82966,74450,67277,52188,37188,23260,13959,7178,3046,1026,254,48,7
Estimates,1965,274118,284174,250078,198010,137516,134852,115466,102529,84602,75364,68369,54661,39106,24781,14748,7692,3306,1112,279,50,7
Estimates,1966,270341,286212,259151,213059,142514,138283,117948,105839,86786,76497,68969,57226,40958,26440,15512,8214,3575,1202,304,51,8
Estimates,1967,265302,286468,268090,225390,152558,140167,121311,108390,89624,77806,69286,59710,42788,28224,16292,8734,3856,1296,330,52,8
Estimates,1968,258468,285482,276254,235157,167687,140216,125581,110338,93093,79208,69618,61828,44726,30046,17156,9252,4156,1404,360,56,6
Estimates,1969,249621,283769,282947,243726,185637,139411,130519,112143,96958,80711,70232,63320,46920,31810,18172,9774,4479,1541,398,64,6
Estimates,1970,239594,280908,287960,252482,203110,139914,135564,114135,100750,82366,71260,64061,49356,33406,19398,10302,4796,1687,432,74,5
Estimates,1971,230400,275918,291120,261806,217986,144203,139718,116527,103948,84278,72618,64200,51827,34795,20766,10871,5092,1816,458,82,5
Estimates,1972,223852,268500,292080,271322,229379,154508,142071,119495,106304,86757,74034,64174,54063,36180,22127,11548,5416,1949,484,86,6
Estimates,1973,220434,258677,290993,280179,238256,170265,142365,123439,107988,89973,75356,64420,55787,37802,23352,12342,5783,2105,521,92,8
Estimates,1974,219168,246858,288110,287589,246642,188694,140992,128638,109552,93746,76583,65160,56868,39718,24406,13204,6188,2280,573,96,8
Estimates,1975,217854,235245,283321,293208,255656,207420,139596,134270,111619,97582,77818,66352,57360,41890,25387,14052,6650,2484,646,102,8
Estimates,1976,214860,226420,276676,296472,265616,222746,143114,139175,114034,100792,79510,67676,57446,44156,26446,14801,7194,2736,745,112,14
Estimates,1977,209609,221517,268003,296911,275835,232938,155158,142385,116416,103104,82047,68857,57502,46198,27774,15412,7814,3042,872,134,19
Estimates,1978,202606,220021,256814,295200,284990,241094,172283,143484,120064,104692,85396,69979,57878,47704,29430,15897,8456,3396,1026,174,18
Estimates,1979,196001,219684,243764,291502,292436,249568,191398,142054,125924,106188,89375,71010,58738,48606,31272,16352,9024,3798,1208,236,18
Estimates,1980,193238,218100,232624,288505,302661,262895,214158,140871,133477,109248,93978,72406,60260,49132,33374,17078,9542,4224,1399,306,20
Estimates,1981,196424,214841,226580,289328,318730,285716,237783,149142,142346,113980,98830,75311,62318,49661,35736,18264,10204,4642,1573,367,24
Estimates,1982,202354,209662,224770,288395,331162,308958,254902,167630,149250,118026,102574,79357,64266,50372,37857,19665,10989,5046,1734,416,32
Estimates,1983,206960,203138,225228,281116,334276,323609,265750,187072,151534,121934,104684,83557,65871,51249,39484,21046,11744,5398,1852,441,36
Estimates,1984,209814,198412,225614,269735,331312,331576,274634,205489,149556,127157,106459,87790,67234,52380,40636,22446,12510,5732,1946,454,36
Estimates,1985,211238,197040,223516,256978,322293,333280,281566,223101,144672,132180,108410,91426,68456,53708,41264,23857,13304,6122,2089,488,38
Estimates,1986,209936,198121,219114,247484,311418,331336,289063,235997,145653,136793,109664,94012,70348,55044,41673,25324,14190,6593,2296,550,44
Estimates,1987,208884,200916,213430,245174,304637,331550,300342,245206,158866,140886,110753,96065,73480,56486,42360,27034,15216,7122,2528,625,54
Estimates,1988,214720,204344,207426,248627,300662,335144,313446,255849,178034,143400,113994,98168,77506,58134,43411,28882,16284,7594,2692,666,62
Estimates,1989,225105,207278,204244,253932,299024,341576,327307,269785,199606,143674,119840,101152,81996,59857,44652,30880,17229,7926,2830,696,68
Estimates,1990,235478,209748,205230,257255,300804,349341,341338,285898,223648,142614,127091,104718,86220,61660,45914,32555,18252,8084,2933,729,78
Estimates,1991,247032,211066,207992,257380,304762,355303,352380,302356,243161,147555,134879,106992,89401,63988,46993,33304,19498,8428,2988,746,90
Estimates,1992,257263,212662,211149,255186,311254,358673,360045,317714,255570,163022,140964,108428,91705,67180,48118,33670,20721,9214,3058,764,104
Estimates,1993,261884,219010,214350,252498,320536,360473,367117,331600,266930,182984,144182,111888,93946,70977,49482,34106,21738,10154,3140,782,117
Estimates,1994,262997,229138,216802,253362,330862,362490,374961,344706,280066,204482,144590,117924,97036,74996,50946,34716,22376,11162,3281,797,126
Estimates,1995,263378,239154,218704,260116,341685,368682,384396,358182,295085,228126,143684,125445,100712,78718,52727,35485,22715,12196,3500,806,130
Estimates,1996,262708,249823,219633,270436,353123,381128,395432,371508,312340,248113,149214,133686,103382,81618,55260,36264,22946,13189,3809,818,132
Estimates,1997,261168,259661,221250,281536,362833,397368,405406,383088,329704,261658,165307,140176,105298,83875,58620,37188,23204,14094,4222,832,134
Estimates,1998,257848,264455,227882,289691,366032,410082,409338,391367,343667,272880,185024,143176,108679,86150,62504,38444,23608,14860,4732,862,138
Estimates,1999,251615,265018,238062,293253,364249,413972,405582,395282,353270,283534,204780,142499,113822,89278,66623,40196,24151,15002,5300,922,146
Estimates,2000,245950,264216,248086,297264,367948,415801,402570,398251,361688,294992,225908,140220,120158,92783,70345,42577,24986,14452,5878,1018,154
Estimates,2001,242413,263024,258691,300644,375548,418641,404050,400888,368908,307946,242900,144000,127022,94842,72983,45557,26155,14274,6360,1156,164
Estimates,2002,237089,260599,267294,299824,375024,413064,402787,396629,370572,318261,250991,156544,130958,95437,74200,47476,27308,14674,6650,1335,176
Estimates,2003,229814,255461,269924,302054,369318,400669,399163,386262,368796,325058,255969,172015,131216,97269,75076,48224,28264,15136,6814,1550,193
Estimates,2004,223716,249724,269726,312270,370424,396275,401100,378973,369600,332285,264600,189842,129976,101890,77500,50922,29294,15722,6922,1788,216
Estimates,2005,219324,246337,270042,327318,381096,405072,409436,379074,373624,340802,276728,210521,128315,108298,80910,54928,30655,16529,7054,2052,251
Estimates,2006,216790,243778,270129,347272,398935,424086,422461,386790,379438,349388,291018,227776,132654,115275,83328,58144,32470,17425,7299,2298,302
Estimates,2007,216976,239877,270168,372434,427748,454996,441608,403268,386826,358492,306635,239758,147478,120658,85064,60900,34744,18359,7690,2474,364
Estimates,2008,220204,235857,269238,393968,464633,491651,463056,424180,393150,367872,320884,250926,166544,123426,88400,63508,37617,20492,8127,2580,426
Estimates,2009,223915,232714,266356,405196,493882,516823,479536,440436,395218,374898,331386,262226,185933,123534,93672,66418,40821,23943,8538,2636,485
Estimates,2010,224779,228901,263878,411778,514395,527806,490671,449247,395523,379116,339140,273294,205973,121950,99830,69432,43494,25427,9172,2670,537
Estimates,2011,225022,225466,261880,419058,537628,535312,501044,454988,398700,382056,345794,285562,221978,125890,106255,71626,45792,24613,10264,2732,576
Estimates,2012,226597,224678,258085,425652,561374,544954,511890,458948,405354,382996,351107,297920,231946,139388,111113,73536,48125,24838,11368,2868,604
Estimates,2013,227199,225506,253164,428118,576535,558012,520075,459544,412751,380682,355342,308328,240592,156464,113561,76940,50456,26646,12014,3036,624
Estimates,2014,228192,226179,248444,426860,584096,572831,523932,459634,418373,376150,358308,316748,250080,174186,113688,81980,53104,28860,12418,3198,638
Estimates,2015,231717,225730,243308,425943,589634,587074,525724,461902,421016,372506,359790,323635,260180,193046,112520,87818,55976,30956,12762,3452,651
Estimates,2016,235414,224361,238648,423628,591375,599134,523946,463676,420219,371410,359718,328377,271024,208183,116484,93745,58137,32771,13126,3886,668
Estimates,2017,236670,223050,236578,416972,587149,605260,518827,463154,415802,372642,357172,331033,281380,217746,129250,98166,59962,34479,13792,4297,698
Estimates,2018,235975,221833,236875,411126,583132,607364,520985,463286,410468,376230,352642,333438,290328,225867,145130,100371,63008,36200,14882,4499,732
Estimates,2019,234404,220945,237078,406551,579820,607710,530223,463311,407452,379783,346992,335288,297767,234111,161076,100178,67191,38122,16180,4614,766
Estimates,2020,230250,220257,233720,392982,563732,594378,529222,454598,401307,375870,338564,332722,301458,241323,176944,98270,71573,39998,17403,4752,830
Estimates,2021,225176,220144,229600,378834,543871,576222,525414,442399,394712,368028,331844,327798,302372,248907,188906,100805,75762,41114,18470,4968,944
Estimates,2022,224900,222310,231076,385216,550460,584949,543520,448157,402492,368948,336546,327781,306510,259752,197888,112224,79127,42165,19463,5348,1056
Estimates,2023,228712,224895,228780,375906,554944,601190,567374,469059,417574,374018,347410,328797,312327,270448,206936,127312,81328,44557,20502,5904,1116
Medium variant,2024,232457,226704,222421,338820,536464,602320,579862,490590,428239,378558,356190,326926,316354,278734,215996,142594,81830,47998,21688,6487,1156
Medium variant,2025,236298,228055,221889,304406,512443,600601,589155,511326,437511,386200,362674,326274,319625,286264,225584,158509,81193,51724,22842,6970,1208
Medium variant,2026,241136,228539,224186,274314,482346,596469,596167,532441,445413,395402,367002,328774,321978,292354,236020,171258,84450,55254,23571,7380,1293
Medium variant,2027,246624,229342,225902,251666,449416,587726,600884,552358,453768,405668,369840,334940,322984,297318,246339,179508,94298,57614,24177,7761,1414
Medium variant,2028,251242,231618,226974,237478,414442,574566,602558,566724,468392,416385,371798,343483,322282,302069,255500,187034,106659,58894,25536,8159,1554
Medium variant,2029,254264,234798,228560,230716,378001,556052,600611,576603,488204,426005,375788,351908,320496,306234,263606,195394,119506,59286,27692,8667,1696
Medium variant,2030,256104,238374,229704,229916,342833,530460,597338,584848,508239,434828,383118,358138,319812,309422,270780,204324,132918,59089,30110,9200,1824
Medium variant,2031,256802,243096,230096,232146,312536,499682,592470,591360,528996,442515,392154,362371,322317,311802,276674,214047,143695,61910,32276,9519,1940
Medium variant,2032,256388,248538,230866,233915,290050,466590,583378,595824,548712,450760,402324,365204,328457,312916,281567,223660,150904,69706,33624,9788,2058
Medium variant,2033,254858,253113,233113,235065,276172,431633,569910,597250,562894,465254,412940,367178,336918,312387,286293,232220,157627,79308,34395,10435,2188
Medium variant,2034,252214,256170,236323,236736,269814,395600,551560,595376,572801,485038,422550,371222,345295,310861,290517,239880,165108,89116,34770,11478,2352
Medium variant,2035,248370,258056,239931,237841,269046,360626,526230,592277,581138,505071,431388,378565,351514,310406,293812,246730,173099,99132,34864,12620,2518
Medium variant,2036,243387,258693,244599,238076,270848,329786,495128,587208,587505,525658,438987,387507,355714,312988,296281,252406,181754,107214,36929,13568,2614
Medium variant,2037,237422,258176,249956,238745,272254,306593,461441,577732,591714,545134,447099,397537,358534,319076,297524,257171,190304,112894,42113,14092,2702
Medium variant,2038,230508,256545,254452,240985,273304,292190,425871,563849,592874,559100,461420,408009,360528,327409,297222,261796,197974,118371,48319,14416,2914
Medium variant,2039,222716,253774,257414,244126,274798,285220,389114,545004,590686,568778,480967,417465,364535,335616,295974,265978,204898,124478,54479,14650,3249
Medium variant,2040,214286,249849,259231,247617,275631,283960,353698,519397,587404,576970,500806,426192,371798,341731,295776,269340,211129,130989,60568,14805,3603
Medium variant,2041,205573,244827,259832,252170,275538,285362,322658,488214,582274,583272,521236,433730,380655,345920,298498,271952,216357,137973,65496,15926,3866
Medium variant,2042,197004,238806,259268,257454,275922,286314,299150,454378,572702,587398,540543,441770,390574,348783,304552,273404,220838,144852,69192,18486,3996
Medium variant,2043,188980,231815,257578,261938,278058,286972,284286,418547,558666,588448,554362,455945,400912,350851,312722,273418,225252,151076,72916,21430,4110
Medium variant,2044,181722,223954,254754,264850,281060,288122,276904,381564,539700,586181,563938,475296,410256,354882,320728,272598,229324,156770,77090,24232,4248
Medium variant,2045,175502,215526,250828,266668,284568,288994,275644,346200,514166,582940,572120,494990,418936,362118,326746,272809,232694,161946,81537,26880,4375
Medium variant,2046,170472,206896,245868,267358,289388,289407,277514,315520,483270,577988,578516,515330,426503,370955,330998,275776,235404,166374,86258,29033,4780
Medium variant,2047,166528,198362,239874,266778,294632,289926,278684,292207,449626,568544,582698,534516,434540,380799,333996,281820,237084,170280,90894,30795,5580
Medium variant,2048,163722,190370,232913,265151,299274,292317,279538,277492,413972,554646,583826,548286,448632,391050,336261,289765,237538,174202,95130,32666,6457
Medium variant,2049,161978,183218,225136,262472,302603,296022,281288,270518,377336,535948,581738,557929,467868,400370,340448,297514,237312,177905,99072,34779,7256
Medium variant,2050,161060,177054,216751,258556,304482,299840,282516,269506,342216,510637,578632,566150,487399,409016,347666,303384,238033,181069,102710,37030,7983
Medium variant,2051,160888,172060,208149,253616,305235,304878,283152,271522,311708,479947,573805,572584,507544,416568,356411,307636,241212,183693,105892,39388,8638
Medium variant,2052,161441,168308,199770,247870,305362,311324,284763,273410,288916,446759,564680,576958,526656,424687,366212,310826,247088,185482,108786,41686,9298
Medium variant,2053,162571,165662,191908,241119,304378,317042,288075,274864,274627,411514,551090,578284,540428,438720,376375,313357,254587,186338,111764,43806,10026
Medium variant,2054,163988,163917,184752,233240,301495,320328,291824,276646,267694,375040,532550,576288,550034,457682,385540,317657,261812,186724,114651,45821,10813
Medium variant,2055,165696,163030,178612,224770,297322,322220,295905,278074,266816,340142,507478,573319,558261,476940,394074,324795,267316,187934,117190,47718,11630
Medium variant,2056,167716,162922,173666,216210,292376,323200,301341,279007,269017,309882,477090,568672,564748,496802,401585,333358,271456,191172,119362,49426,12463
Medium variant,2057,169951,163428,169879,207834,286524,323084,307530,280452,270801,287124,444094,559674,569136,515589,409618,342861,274761,196574,120973,51036,13277
Medium variant,2058,172192,164418,167127,199834,279342,321361,312492,283252,271934,272694,408942,546170,570460,529120,423344,352649,277542,203204,122017,52737,14058
Medium variant,2059,174308,165802,165356,192573,271134,318203,315659,286933,273673,265770,372682,527845,568580,538655,441873,361548,281900,209467,122822,54424,14830
Medium variant,2060,176199,167479,164444,186318,262236,313661,317440,290969,275075,264880,337989,503050,565746,546844,460670,369886,288769,214272,124265,55950,15586
Medium variant,2061,177764,169385,164244,181222,253095,307918,317818,296021,275770,266922,307812,472918,561206,553286,479988,377239,296925,218086,127165,57288,16301
Medium variant,2062,178978,171502,164658,177358,244362,301416,317068,301780,276950,268536,285093,440189,552373,557675,498254,385098,305932,221365,131523,58341,16997
Medium variant,2063,179768,173717,165631,174628,236354,294183,315236,306656,279698,269644,270753,405392,539150,559119,511528,398404,315156,224301,136628,59155,17732
Medium variant,2064,180094,175847,167030,172876,229146,286142,312211,309902,283426,271422,263916,369519,521188,557450,520998,416269,323562,228536,141325,59915,18477
Medium variant,2065,179806,177698,168671,171800,222428,276879,307528,311602,287405,272788,263020,335142,496796,554817,529128,434362,331492,234790,144946,61067,19174
Medium variant,2066,178936,179185,170510,171386,216616,267034,301444,311786,292326,273398,264998,305208,467106,550492,535548,452900,338562,242112,148012,63022,19808
Medium variant,2067,177622,180356,172596,171786,212513,257998,294756,310929,298010,274538,266587,282700,434872,541980,540011,470400,346161,250161,150884,65718,20350
Medium variant,2068,175889,181130,174801,172848,209910,250052,287458,309044,302848,277268,267698,268523,400600,529173,541645,483223,358778,258329,153613,68728,20848
Medium variant,2069,173694,181426,176911,174254,208195,242871,279305,305919,306026,280957,269459,261767,365236,511698,540266,492514,375528,265791,157258,71397,21358
Medium variant,2070,171178,181278,178874,176040,207602,237124,270913,301798,308079,285166,270999,261038,331452,488006,538054,500612,392428,272902,162280,73448,22012
Medium variant,2071,168440,180660,180555,178094,207852,232796,262572,296724,308900,290493,271911,263246,302122,459168,534262,507142,409649,279339,168070,75320,22936
Medium variant,2072,165550,179484,181832,180251,208483,229465,254400,290626,308414,296404,273223,264970,280048,427747,526333,511778,425879,286320,174393,77234,24080
Medium variant,2073,162568,177780,182629,182418,209421,227001,246720,283516,306644,301306,276002,266132,266127,394238,514162,513699,437960,297643,180730,79148,25298
Medium variant,2074,159443,175548,182892,184332,210196,224818,239446,275342,303504,304459,279665,267884,259484,359588,497400,512782,446938,312441,186536,81565,26368
Medium variant,2075,156286,172860,182606,185975,210878,222916,232845,266434,299055,306282,283702,269306,258700,326391,474530,511056,454838,327266,192154,84694,27249
Medium variant,2076,153314,169977,181873,187538,212324,222250,227759,257613,293684,306904,288876,270130,260841,297588,446684,507807,461310,342232,197344,88253,28186
Medium variant,2077,150564,166995,180628,188787,214212,222420,223962,249138,287402,306300,294689,271395,262540,275950,416334,500609,466061,356300,203070,92128,29239
Medium variant,2078,148031,163888,178828,189436,215883,222705,220896,241058,280047,304374,299464,274092,263660,262302,383894,489346,468337,367030,212130,95946,30324
Medium variant,2079,145757,160707,176552,189539,217276,223066,218517,233671,271810,301193,302576,277722,265402,255828,350334,473725,468038,375306,223711,99442,31550
Medium variant,2080,143761,157560,173867,189132,218426,223558,216802,227243,263015,296820,304438,281777,266862,255140,318196,452322,467042,382683,235168,102894,32978
Medium variant,2081,142111,154494,170906,188244,219326,224288,215706,221906,254046,291355,304988,286876,267664,257264,290276,426118,464667,388842,246554,106158,34585
Medium variant,2082,140788,151577,167795,186802,219812,225155,215046,217572,245244,284868,304240,292550,268856,258912,269294,397447,458628,393538,257195,109844,36334
Medium variant,2083,139784,148950,164619,184894,219972,226276,214922,214246,237008,277424,302254,297257,271514,260032,256120,366742,448798,396138,265596,115584,38051
Medium variant,2084,139138,146668,161432,182604,219894,227650,215347,211918,229664,269231,299110,300380,275154,261815,249958,334936,434920,396588,272409,122738,39681
Medium variant,2085,138822,144687,158298,179893,219309,228892,216056,210358,223342,260524,294805,302282,279232,263336,249430,304474,415734,396522,278568,129652,41363
Medium variant,2086,138740,143025,155220,176830,218032,229644,216858,209326,218050,251602,289382,302856,284322,264186,251604,278036,392134,395310,283833,136352,43038
Medium variant,2087,138880,141710,152308,173644,216244,230068,217914,208813,213813,242878,282964,302156,289998,265429,253318,258246,366210,390916,288036,142564,44950
Medium variant,2088,139246,140726,149699,170452,214125,230286,219276,208870,210604,234735,275605,300236,294726,268130,254528,245909,338332,383204,290722,147717,47695
Medium variant,2089,139690,140034,147380,167164,211397,229890,220523,209226,208234,227379,267426,297110,297840,271766,256353,240231,309362,371964,291880,152176,50933
Medium variant,2090,140136,139670,145362,163920,208235,228973,221624,209856,206624,221036,258730,292828,299742,275832,257924,239918,281593,356198,292772,156276,54014
Medium variant,2091,140630,139610,143718,160826,204981,227790,222638,210845,205714,215832,249896,287492,300376,280940,258878,242191,257548,336670,292867,159875,56964
Medium variant,2092,141190,139813,142452,157972,201825,226391,223542,212225,205409,211744,241304,281198,299774,286647,260234,244016,239674,315068,290502,162874,59788
Medium variant,2093,141717,140220,141504,155398,198656,224609,224135,213834,205620,208646,233272,273952,297950,291410,263009,245346,228681,291666,285551,165018,62515
Medium variant,2094,142084,140682,140825,152982,195040,221901,223993,215266,206090,206353,225992,265864,294907,294561,266684,247288,223800,267216,277888,166358,65183
Medium variant,2095,142324,141142,140470,150862,191382,218654,223308,216552,206830,204816,219720,257259,290710,296512,270780,249001,223844,243762,266870,167674,67658
Medium variant,2096,142407,141620,140395,149130,187850,215151,222162,217618,207851,203924,214549,248490,285444,297193,275878,250101,226248,223560,253079,168584,69910
Medium variant,2097,142235,142098,140533,147740,184446,211427,220418,218313,209098,203532,210414,239907,279186,296616,281528,251548,228214,208756,237649,167982,71937
Medium variant,2098,141802,142508,140848,146646,181288,207543,218080,218545,210475,203594,207226,231847,271958,294810,286238,254345,229716,199898,220700,165743,73628
Medium variant,2099,141155,142842,141286,145901,178544,203704,215312,218375,211887,204050,204935,224608,263950,291847,289418,258056,231798,196254,202835,161852,75050
Medium variant,2100,140349,143101,141762,145554,176322,200158,212278,217839,213265,204852,203450,218412,255459,287769,291448,262192,233682,196814,185711,156076,76522
